EventId,Type,Severity,StartTime(UTC),EndTime(UTC),Precipitation(in),TimeZone,AirportCode,LocationLat,LocationLng,City,County,State,ZipCode
W-3822053,Fog,Moderate,2022-01-01 08:35:00+00:00,2022-01-01 09:35:00+00:00,0.0,US/Pacific,KCQT,34.0235,-118.2912,Los Angeles,Los Angeles,CA,90007
W-3822054,Fog,Moderate,2022-01-06 04:52:00+00:00,2022-01-06 05:52:00+00:00,0.0,US/Pacific,KCQT,34.0235,-118.2912,Los Angeles,Los Angeles,CA,90007
W-3822055,Fog,Moderate,2022-01-06 06:52:00+00:00,2022-01-06 07:52:00+00:00,0.0,US/Pacific,KCQT,34.0235,-118.2912,Los Angeles,Los Angeles,CA,90007
W-3822056,Fog,Moderate,2022-01-07 04:52:00+00:00,2022-01-07 05:52:00+00:00,0.0,US/Pacific,KCQT,34.0235,-118.2912,Los Angeles,Los Angeles,CA,90007
W-3822057,Fog,Severe,2022-01-07 10:58:00+00:00,2022-01-07 20:48:00+00:00,0.0,US/Pacific,KCQT,34.0235,-118.2912,Los Angeles,Los Angeles,CA,90007
W-3822058,Fog,Moderate,2022-01-07 20:48:00+00:00,2022-01-07 21:29:00+00:00,0.0,US/Pacific,KCQT,34.0235,-118.2912,Los Angeles,Los Angeles,CA,90007
W-3822059,Fog,Severe,2022-01-07 21:29:00+00:00,2022-01-08 01:02:00+00:00,0.0,US/Pacific,KCQT,34.0235,-118.2912,Los Angeles,Los Angeles,CA,90007
W-3822060,Fog,Moderate,2022-01-08 01:02:00+00:00,2022-01-08 02:12:00+00:00,0.0,US/Pacific,KCQT,34.0235,-118.2912,Los Angeles,Los Angeles,CA,90007
W-3822061,Fog,Moderate,2022-01-08 03:52:00+00:00,2022-01-08 04:45:00+00:00,0.0,US/Pacific,KCQT,34.0235,-118.2912,Los Angeles,Los Angeles,CA,90007
W-3822062,Rain,Light,2022-01-08 06:52:00+00:00,2022-01-08 07:34:00+00:00,0.0,US/Pacific,KCQT,34.0235,-118.2912,Los Angeles,Los Angeles,CA,90007
W-3822063,Fog,Moderate,2022-01-09 07:52:00+00:00,2022-01-09 08:52:00+00:00,0.0,US/Pacific,KCQT,34.0235,-118.2912,Los Angeles,Los Angeles,CA,90007
W-3822064,Fog,Moderate,2022-01-09 11:52:00+00:00,2022-01-09 16:52:00+00:00,0.0,US/Pacific,KCQT,34.0235,-118.2912,Los Angeles,Los Angeles,CA,90007
W-3822065,Fog,Moderate,2022-01-10 03:52:00+00:00,2022-01-10 05:52:00+00:00,0.0,US/Pacific,KCQT,34.0235,-118.2912,Los Angeles,Los Angeles,CA,90007
W-3822066,Cold,Severe,2022-01-11 06:52:00+00:00,2022-01-11 07:52:00+00:00,0.0,US/Pacific,KCQT,34.0235,-118.2912,Los Angeles,Los Angeles,CA,90007
W-3822067,Cold,Severe,2022-01-14 03:52:00+00:00,2022-01-14 04:52:00+00:00,0.0,US/Pacific,KCQT,34.0235,-118.2912,Los Angeles,Los Angeles,CA,90007
W-3822068,Cold,Severe,2022-01-14 15:52:00+00:00,2022-01-14 16:52:00+00:00,0.0,US/Pacific,KCQT,34.0235,-118.2912,Los Angeles,Los Angeles,CA,90007
W-3822069,Rain,Light,2022-01-15 17:52:00+00:00,2022-01-15 18:52:00+00:00,0.01,US/Pacific,KCQT,34.0235,-118.2912,Los Angeles,Los Angeles,CA,90007
W-3822070,Rain,Light,2022-01-15 19:52:00+00:00,2022-01-15 21:52:00+00:00,0.0,US/Pacific,KCQT,34.0235,-118.2912,Los Angeles,Los Angeles,CA,90007
W-3822071,Rain,Light,2022-01-15 23:52:00+00:00,2022-01-16 00:52:00+00:00,0.0,US/Pacific,KCQT,34.0235,-118.2912,Los Angeles,Los Angeles,CA,90007
W-3822072,Rain,Light,2022-01-16 02:52:00+00:00,2022-01-16 03:52:00+00:00,0.0,US/Pacific,KCQT,34.0235,-118.2912,Los Angeles,Los Angeles,CA,90007
W-3822073,Rain,Light,2022-01-17 10:52:00+00:00,2022-01-17 12:52:00+00:00,0.02,US/Pacific,KCQT,34.0235,-118.2912,Los Angeles,Los Angeles,CA,90007
W-3822074,Rain,Light,2022-01-17 13:52:00+00:00,2022-01-17 15:52:00+00:00,0.16,US/Pacific,KCQT,34.0235,-118.2912,Los Angeles,Los Angeles,CA,90007
W-3822075,Rain,Light,2022-01-17 16:28:00+00:00,2022-01-17 16:52:00+00:00,0.04,US/Pacific,KCQT,34.0235,-118.2912,Los Angeles,Los Angeles,CA,90007
W-3822076,Cold,Severe,2022-01-18 05:52:00+00:00,2022-01-18 06:52:00+00:00,0.0,US/Pacific,KCQT,34.0235,-118.2912,Los Angeles,Los Angeles,CA,90007
W-3822077,Fog,Moderate,2022-01-18 16:19:00+00:00,2022-01-18 17:14:00+00:00,0.0,US/Pacific,KCQT,34.0235,-118.2912,Los Angeles,Los Angeles,CA,90007
W-3822078,Fog,Moderate,2022-01-19 13:52:00+00:00,2022-01-19 15:52:00+00:00,0.0,US/Pacific,KCQT,34.0235,-118.2912,Los Angeles,Los Angeles,CA,90007
W-3822079,Fog,Moderate,2022-01-19 16:52:00+00:00,2022-01-19 20:52:00+00:00,0.0,US/Pacific,KCQT,34.0235,-118.2912,Los Angeles,Los Angeles,CA,90007
W-3822080,Cold,Severe,2022-01-20 15:52:00+00:00,2022-01-20 16:52:00+00:00,0.0,US/Pacific,KCQT,34.0235,-118.2912,Los Angeles,Los Angeles,CA,90007
W-3822081,Cold,Severe,2022-01-24 03:52:00+00:00,2022-01-24 04:52:00+00:00,0.0,US/Pacific,KCQT,34.0235,-118.2912,Los Angeles,Los Angeles,CA,90007
W-3822082,Cold,Severe,2022-01-24 05:52:00+00:00,2022-01-24 06:52:00+00:00,0.0,US/Pacific,KCQT,34.0235,-118.2912,Los Angeles,Los Angeles,CA,90007
W-3822083,Fog,Severe,2022-01-25 08:58:00+00:00,2022-01-25 09:52:00+00:00,0.0,US/Pacific,KCQT,34.0235,-118.2912,Los Angeles,Los Angeles,CA,90007
W-3822084,Fog,Severe,2022-01-25 09:58:00+00:00,2022-01-25 10:01:00+00:00,0.0,US/Pacific,KCQT,34.0235,-118.2912,Los Angeles,Los Angeles,CA,90007
W-3822085,Fog,Severe,2022-01-25 11:04:00+00:00,2022-01-25 12:19:00+00:00,0.0,US/Pacific,KCQT,34.0235,-118.2912,Los Angeles,Los Angeles,CA,90007
W-3822086,Cold,Severe,2022-01-25 12:19:00+00:00,2022-01-25 12:52:00+00:00,0.0,US/Pacific,KCQT,34.0235,-118.2912,Los Angeles,Los Angeles,CA,90007
W-3822087,Fog,Moderate,2022-01-26 03:52:00+00:00,2022-01-26 04:52:00+00:00,0.0,US/Pacific,KCQT,34.0235,-118.2912,Los Angeles,Los Angeles,CA,90007
W-3822088,Fog,Moderate,2022-01-26 15:52:00+00:00,2022-01-26 16:52:00+00:00,0.0,US/Pacific,KCQT,34.0235,-118.2912,Los Angeles,Los Angeles,CA,90007
W-3822089,Cold,Severe,2022-01-30 14:52:00+00:00,2022-01-30 15:52:00+00:00,0.0,US/Pacific,KCQT,34.0235,-118.2912,Los Angeles,Los Angeles,CA,90007
W-3822090,Cold,Severe,2022-02-01 09:17:00+00:00,2022-02-01 09:52:00+00:00,0.0,US/Pacific,KCQT,34.0235,-118.2912,Los Angeles,Los Angeles,CA,90007
W-3822091,Fog,Moderate,2022-02-01 13:52:00+00:00,2022-02-01 14:39:00+00:00,0.0,US/Pacific,KCQT,34.0235,-118.2912,Los Angeles,Los Angeles,CA,90007
W-3822092,Fog,Moderate,2022-02-01 15:11:00+00:00,2022-02-01 16:15:00+00:00,0.0,US/Pacific,KCQT,34.0235,-118.2912,Los Angeles,Los Angeles,CA,90007
W-3822093,Fog,Moderate,2022-02-01 16:24:00+00:00,2022-02-01 16:52:00+00:00,0.0,US/Pacific,KCQT,34.0235,-118.2912,Los Angeles,Los Angeles,CA,90007
W-3822094,Cold,Severe,2022-02-01 21:52:00+00:00,2022-02-01 22:52:00+00:00,0.0,US/Pacific,KCQT,34.0235,-118.2912,Los Angeles,Los Angeles,CA,90007
W-3822095,Fog,Moderate,2022-02-02 13:52:00+00:00,2022-02-02 14:52:00+00:00,0.0,US/Pacific,KCQT,34.0235,-118.2912,Los Angeles,Los Angeles,CA,90007
W-3822096,Cold,Severe,2022-02-03 21:57:00+00:00,2022-02-03 22:57:00+00:00,0.0,US/Pacific,KCQT,34.0235,-118.2912,Los Angeles,Los Angeles,CA,90007
W-3822097,Cold,Severe,2022-02-04 17:57:00+00:00,2022-02-04 18:57:00+00:00,0.0,US/Pacific,KCQT,34.0235,-118.2912,Los Angeles,Los Angeles,CA,90007
W-3822098,Fog,Moderate,2022-02-05 14:57:00+00:00,2022-02-05 15:57:00+00:00,0.0,US/Pacific,KCQT,34.0235,-118.2912,Los Angeles,Los Angeles,CA,90007
W-3822099,Cold,Severe,2022-02-06 09:57:00+00:00,2022-02-06 10:57:00+00:00,0.0,US/Pacific,KCQT,34.0235,-118.2912,Los Angeles,Los Angeles,CA,90007
W-3822100,Cold,Severe,2022-02-07 23:57:00+00:00,2022-02-08 01:57:00+00:00,0.0,US/Pacific,KCQT,34.0235,-118.2912,Los Angeles,Los Angeles,CA,90007
W-3822101,Cold,Severe,2022-02-08 02:57:00+00:00,2022-02-08 04:57:00+00:00,0.0,US/Pacific,KCQT,34.0235,-118.2912,Los Angeles,Los Angeles,CA,90007
W-3822102,Cold,Severe,2022-02-09 00:57:00+00:00,2022-02-09 02:57:00+00:00,0.0,US/Pacific,KCQT,34.0235,-118.2912,Los Angeles,Los Angeles,CA,90007
W-3822103,Cold,Severe,2022-02-09 05:57:00+00:00,2022-02-09 06:57:00+00:00,0.0,US/Pacific,KCQT,34.0235,-118.2912,Los Angeles,Los Angeles,CA,90007
W-3822104,Cold,Severe,2022-02-13 22:47:00+00:00,2022-02-13 23:47:00+00:00,0.0,US/Pacific,KCQT,34.0235,-118.2912,Los Angeles,Los Angeles,CA,90007
W-3822105,Fog,Severe,2022-02-17 15:04:00+00:00,2022-02-17 15:14:00+00:00,0.0,US/Pacific,KCQT,34.0235,-118.2912,Los Angeles,Los Angeles,CA,90007
W-3822106,Fog,Moderate,2022-02-17 15:14:00+00:00,2022-02-17 15:47:00+00:00,0.0,US/Pacific,KCQT,34.0235,-118.2912,Los Angeles,Los Angeles,CA,90007
W-3822107,Fog,Moderate,2022-02-20 16:07:00+00:00,2022-02-20 17:47:00+00:00,0.0,US/Pacific,KCQT,34.0235,-118.2912,Los Angeles,Los Angeles,CA,90007
W-3822108,Fog,Moderate,2022-02-20 18:47:00+00:00,2022-02-20 19:47:00+00:00,0.0,US/Pacific,KCQT,34.0235,-118.2912,Los Angeles,Los Angeles,CA,90007
W-3822109,Fog,Severe,2022-02-28 14:12:00+00:00,2022-02-28 14:23:00+00:00,0.0,US/Pacific,KCQT,34.0235,-118.2912,Los Angeles,Los Angeles,CA,90007
W-3822110,Fog,Moderate,2022-02-28 14:23:00+00:00,2022-02-28 14:47:00+00:00,0.0,US/Pacific,KCQT,34.0235,-118.2912,Los Angeles,Los Angeles,CA,90007
W-3822111,Fog,Severe,2022-03-03 15:36:00+00:00,2022-03-03 16:08:00+00:00,0.0,US/Pacific,KCQT,34.0235,-118.2912,Los Angeles,Los Angeles,CA,90007
W-3822112,Fog,Moderate,2022-03-03 16:47:00+00:00,2022-03-03 18:47:00+00:00,0.0,US/Pacific,KCQT,34.0235,-118.2912,Los Angeles,Los Angeles,CA,90007
W-3822113,Fog,Moderate,2022-03-04 15:47:00+00:00,2022-03-04 16:47:00+00:00,0.0,US/Pacific,KCQT,34.0235,-118.2912,Los Angeles,Los Angeles,CA,90007
W-3822114,Rain,Light,2022-03-06 00:36:00+00:00,2022-03-06 01:47:00+00:00,0.08,US/Pacific,KCQT,34.0235,-118.2912,Los Angeles,Los Angeles,CA,90007
W-3822115,Fog,Severe,2022-03-08 14:09:00+00:00,2022-03-08 14:12:00+00:00,0.0,US/Pacific,KCQT,34.0235,-118.2912,Los Angeles,Los Angeles,CA,90007
W-3822116,Fog,Moderate,2022-03-08 14:12:00+00:00,2022-03-08 14:47:00+00:00,0.0,US/Pacific,KCQT,34.0235,-118.2912,Los Angeles,Los Angeles,CA,90007
W-3822117,Fog,Moderate,2022-03-16 16:47:00+00:00,2022-03-16 17:47:00+00:00,0.0,US/Pacific,KCQT,34.0235,-118.2912,Los Angeles,Los Angeles,CA,90007
W-3822118,Fog,Moderate,2022-03-19 16:47:00+00:00,2022-03-19 17:47:00+00:00,0.0,US/Pacific,KCQT,34.0235,-118.2912,Los Angeles,Los Angeles,CA,90007
W-3822119,Rain,Light,2022-03-20 07:10:00+00:00,2022-03-20 07:37:00+00:00,0.02,US/Pacific,KCQT,34.0235,-118.2912,Los Angeles,Los Angeles,CA,90007
W-3822120,Fog,Severe,2022-03-25 15:20:00+00:00,2022-03-25 16:15:00+00:00,0.0,US/Pacific,KCQT,34.0235,-118.2912,Los Angeles,Los Angeles,CA,90007
W-3822121,Cold,Severe,2022-03-26 02:47:00+00:00,2022-03-26 09:34:00+00:00,0.0,US/Pacific,KCQT,34.0235,-118.2912,Los Angeles,Los Angeles,CA,90007
W-3822122,Rain,Light,2022-03-28 14:47:00+00:00,2022-03-29 14:47:00+00:00,0.2,US/Pacific,KCQT,34.0235,-118.2912,Los Angeles,Los Angeles,CA,90007
W-3822123,Cold,Severe,2022-03-31 02:49:00+00:00,2022-03-31 03:00:00+00:00,0.0,US/Pacific,KCQT,34.0235,-118.2912,Los Angeles,Los Angeles,CA,90007
W-3822124,Fog,Moderate,2022-04-04 17:35:00+00:00,2022-04-04 20:47:00+00:00,0.0,US/Pacific,KCQT,34.0235,-118.2912,Los Angeles,Los Angeles,CA,90007
W-3822125,Fog,Moderate,2022-04-05 15:47:00+00:00,2022-04-05 16:47:00+00:00,0.0,US/Pacific,KCQT,34.0235,-118.2912,Los Angeles,Los Angeles,CA,90007
W-3822126,Fog,Moderate,2022-04-05 17:47:00+00:00,2022-04-05 18:47:00+00:00,0.0,US/Pacific,KCQT,34.0235,-118.2912,Los Angeles,Los Angeles,CA,90007
W-3822127,Fog,Moderate,2022-04-10 14:47:00+00:00,2022-04-10 16:47:00+00:00,0.0,US/Pacific,KCQT,34.0235,-118.2912,Los Angeles,Los Angeles,CA,90007
W-3822128,Rain,Light,2022-04-22 07:27:00+00:00,2022-04-22 08:32:00+00:00,0.17,US/Pacific,KCQT,34.0235,-118.2912,Los Angeles,Los Angeles,CA,90007
W-3822129,Rain,Moderate,2022-04-22 08:32:00+00:00,2022-04-22 08:51:00+00:00,0.99,US/Pacific,KCQT,34.0235,-118.2912,Los Angeles,Los Angeles,CA,90007
W-3822130,Rain,Light,2022-04-22 08:51:00+00:00,2022-04-22 14:23:00+00:00,0.12,US/Pacific,KCQT,34.0235,-118.2912,Los Angeles,Los Angeles,CA,90007
W-3822131,Fog,Moderate,2022-04-24 14:47:00+00:00,2022-04-24 15:47:00+00:00,0.0,US/Pacific,KCQT,34.0235,-118.2912,Los Angeles,Los Angeles,CA,90007
W-3822132,Fog,Moderate,2022-04-27 14:47:00+00:00,2022-04-27 15:47:00+00:00,0.0,US/Pacific,KCQT,34.0235,-118.2912,Los Angeles,Los Angeles,CA,90007
W-3822133,Fog,Severe,2022-04-29 14:26:00+00:00,2022-04-29 14:36:00+00:00,0.0,US/Pacific,KCQT,34.0235,-118.2912,Los Angeles,Los Angeles,CA,90007
W-3822134,Fog,Moderate,2022-05-05 15:47:00+00:00,2022-05-05 17:47:00+00:00,0.0,US/Pacific,KCQT,34.0235,-118.2912,Los Angeles,Los Angeles,CA,90007
W-3822135,Fog,Moderate,2022-05-05 19:47:00+00:00,2022-05-05 20:47:00+00:00,0.0,US/Pacific,KCQT,34.0235,-118.2912,Los Angeles,Los Angeles,CA,90007
W-3822136,Fog,Moderate,2022-05-05 21:47:00+00:00,2022-05-05 22:47:00+00:00,0.0,US/Pacific,KCQT,34.0235,-118.2912,Los Angeles,Los Angeles,CA,90007
W-3822137,Fog,Moderate,2022-05-06 16:47:00+00:00,2022-05-06 17:47:00+00:00,0.0,US/Pacific,KCQT,34.0235,-118.2912,Los Angeles,Los Angeles,CA,90007
W-3822138,Fog,Moderate,2022-05-08 16:47:00+00:00,2022-05-08 17:47:00+00:00,0.0,US/Pacific,KCQT,34.0235,-118.2912,Los Angeles,Los Angeles,CA,90007
W-3822139,Fog,Moderate,2022-05-12 17:47:00+00:00,2022-05-12 18:47:00+00:00,0.0,US/Pacific,KCQT,34.0235,-118.2912,Los Angeles,Los Angeles,CA,90007
W-3822140,Fog,Moderate,2022-05-16 07:47:00+00:00,2022-05-16 08:47:00+00:00,0.0,US/Pacific,KCQT,34.0235,-118.2912,Los Angeles,Los Angeles,CA,90007
W-3822141,Fog,Moderate,2022-05-17 14:47:00+00:00,2022-05-17 15:47:00+00:00,0.0,US/Pacific,KCQT,34.0235,-118.2912,Los Angeles,Los Angeles,CA,90007
W-3822142,Fog,Moderate,2022-05-19 08:47:00+00:00,2022-05-19 12:47:00+00:00,0.0,US/Pacific,KCQT,34.0235,-118.2912,Los Angeles,Los Angeles,CA,90007
W-3822143,Fog,Moderate,2022-05-19 15:47:00+00:00,2022-05-19 16:47:00+00:00,0.0,US/Pacific,KCQT,34.0235,-118.2912,Los Angeles,Los Angeles,CA,90007
W-3822144,Fog,Moderate,2022-05-19 20:47:00+00:00,2022-05-19 21:47:00+00:00,0.0,US/Pacific,KCQT,34.0235,-118.2912,Los Angeles,Los Angeles,CA,90007
W-3822145,Fog,Moderate,2022-05-25 09:47:00+00:00,2022-05-25 10:47:00+00:00,0.0,US/Pacific,KCQT,34.0235,-118.2912,Los Angeles,Los Angeles,CA,90007
W-3822146,Fog,Moderate,2022-05-25 14:47:00+00:00,2022-05-25 17:47:00+00:00,0.0,US/Pacific,KCQT,34.0235,-118.2912,Los Angeles,Los Angeles,CA,90007
W-3822147,Fog,Moderate,2022-05-25 18:47:00+00:00,2022-05-25 19:47:00+00:00,0.0,US/Pacific,KCQT,34.0235,-118.2912,Los Angeles,Los Angeles,CA,90007
W-3822148,Fog,Moderate,2022-05-26 11:47:00+00:00,2022-05-26 14:20:00+00:00,0.0,US/Pacific,KCQT,34.0235,-118.2912,Los Angeles,Los Angeles,CA,90007
W-3822149,Fog,Moderate,2022-05-26 15:47:00+00:00,2022-05-26 17:47:00+00:00,0.0,US/Pacific,KCQT,34.0235,-118.2912,Los Angeles,Los Angeles,CA,90007
W-3822150,Fog,Moderate,2022-06-02 15:47:00+00:00,2022-06-02 16:44:00+00:00,0.0,US/Pacific,KCQT,34.0235,-118.2912,Los Angeles,Los Angeles,CA,90007
W-3822151,Fog,Moderate,2022-06-07 14:47:00+00:00,2022-06-07 18:24:00+00:00,0.0,US/Pacific,KCQT,34.0235,-118.2912,Los Angeles,Los Angeles,CA,90007
W-3822152,Fog,Moderate,2022-06-08 15:47:00+00:00,2022-06-08 18:16:00+00:00,0.0,US/Pacific,KCQT,34.0235,-118.2912,Los Angeles,Los Angeles,CA,90007
W-3822153,Fog,Moderate,2022-06-08 19:47:00+00:00,2022-06-08 20:47:00+00:00,0.0,US/Pacific,KCQT,34.0235,-118.2912,Los Angeles,Los Angeles,CA,90007
W-3822154,Fog,Moderate,2022-06-09 17:23:00+00:00,2022-06-09 17:47:00+00:00,0.0,US/Pacific,KCQT,34.0235,-118.2912,Los Angeles,Los Angeles,CA,90007
W-3822155,Fog,Moderate,2022-06-10 15:47:00+00:00,2022-06-10 19:47:00+00:00,0.0,US/Pacific,KCQT,34.0235,-118.2912,Los Angeles,Los Angeles,CA,90007
W-3822156,Fog,Moderate,2022-06-10 20:47:00+00:00,2022-06-10 21:47:00+00:00,0.0,US/Pacific,KCQT,34.0235,-118.2912,Los Angeles,Los Angeles,CA,90007
W-3822157,Fog,Moderate,2022-06-12 14:44:00+00:00,2022-06-12 16:28:00+00:00,0.0,US/Pacific,KCQT,34.0235,-118.2912,Los Angeles,Los Angeles,CA,90007
W-3822158,Fog,Moderate,2022-06-12 17:47:00+00:00,2022-06-12 18:47:00+00:00,0.0,US/Pacific,KCQT,34.0235,-118.2912,Los Angeles,Los Angeles,CA,90007
W-3822159,Fog,Moderate,2022-06-12 19:47:00+00:00,2022-06-12 20:47:00+00:00,0.0,US/Pacific,KCQT,34.0235,-118.2912,Los Angeles,Los Angeles,CA,90007
W-3822160,Fog,Moderate,2022-06-16 14:47:00+00:00,2022-06-16 15:47:00+00:00,0.0,US/Pacific,KCQT,34.0235,-118.2912,Los Angeles,Los Angeles,CA,90007
W-3822161,Fog,Moderate,2022-06-16 16:47:00+00:00,2022-06-16 17:47:00+00:00,0.0,US/Pacific,KCQT,34.0235,-118.2912,Los Angeles,Los Angeles,CA,90007
W-3822162,Rain,Light,2022-06-22 18:47:00+00:00,2022-06-22 19:47:00+00:00,0.0,US/Pacific,KCQT,34.0235,-118.2912,Los Angeles,Los Angeles,CA,90007
W-3822163,Fog,Moderate,2022-06-29 15:47:00+00:00,2022-06-29 16:47:00+00:00,0.0,US/Pacific,KCQT,34.0235,-118.2912,Los Angeles,Los Angeles,CA,90007
W-3822164,Fog,Moderate,2022-06-30 15:32:00+00:00,2022-06-30 16:13:00+00:00,0.0,US/Pacific,KCQT,34.0235,-118.2912,Los Angeles,Los Angeles,CA,90007
W-3822165,Fog,Severe,2022-07-01 15:42:00+00:00,2022-07-01 15:54:00+00:00,0.0,US/Pacific,KCQT,34.0235,-118.2912,Los Angeles,Los Angeles,CA,90007
W-3822166,Fog,Severe,2022-07-01 16:04:00+00:00,2022-07-01 16:08:00+00:00,0.0,US/Pacific,KCQT,34.0235,-118.2912,Los Angeles,Los Angeles,CA,90007
W-3822167,Fog,Moderate,2022-07-01 16:08:00+00:00,2022-07-01 16:32:00+00:00,0.0,US/Pacific,KCQT,34.0235,-118.2912,Los Angeles,Los Angeles,CA,90007
W-3822168,Fog,Moderate,2022-07-01 17:39:00+00:00,2022-07-01 17:47:00+00:00,0.0,US/Pacific,KCQT,34.0235,-118.2912,Los Angeles,Los Angeles,CA,90007
W-3822169,Fog,Moderate,2022-07-05 05:47:00+00:00,2022-07-05 06:47:00+00:00,0.0,US/Pacific,KCQT,34.0235,-118.2912,Los Angeles,Los Angeles,CA,90007
W-3822170,Fog,Severe,2022-07-05 06:47:00+00:00,2022-07-05 07:27:00+00:00,0.0,US/Pacific,KCQT,34.0235,-118.2912,Los Angeles,Los Angeles,CA,90007
W-3822171,Fog,Moderate,2022-07-05 07:27:00+00:00,2022-07-05 07:38:00+00:00,0.0,US/Pacific,KCQT,34.0235,-118.2912,Los Angeles,Los Angeles,CA,90007
W-3822172,Fog,Severe,2022-07-05 07:38:00+00:00,2022-07-05 08:23:00+00:00,0.0,US/Pacific,KCQT,34.0235,-118.2912,Los Angeles,Los Angeles,CA,90007
W-3822173,Fog,Moderate,2022-07-05 08:23:00+00:00,2022-07-05 09:47:00+00:00,0.0,US/Pacific,KCQT,34.0235,-118.2912,Los Angeles,Los Angeles,CA,90007
W-3822174,Fog,Severe,2022-07-05 15:37:00+00:00,2022-07-05 15:52:00+00:00,0.0,US/Pacific,KCQT,34.0235,-118.2912,Los Angeles,Los Angeles,CA,90007
W-3822175,Fog,Moderate,2022-07-05 15:52:00+00:00,2022-07-05 16:16:00+00:00,0.0,US/Pacific,KCQT,34.0235,-118.2912,Los Angeles,Los Angeles,CA,90007
W-3822176,Fog,Moderate,2022-07-09 15:47:00+00:00,2022-07-09 16:14:00+00:00,0.0,US/Pacific,KCQT,34.0235,-118.2912,Los Angeles,Los Angeles,CA,90007
W-3822177,Fog,Moderate,2022-07-09 17:47:00+00:00,2022-07-09 18:47:00+00:00,0.0,US/Pacific,KCQT,34.0235,-118.2912,Los Angeles,Los Angeles,CA,90007
W-3822178,Fog,Moderate,2022-07-11 15:47:00+00:00,2022-07-11 17:47:00+00:00,0.0,US/Pacific,KCQT,34.0235,-118.2912,Los Angeles,Los Angeles,CA,90007
W-3822179,Fog,Moderate,2022-07-12 15:47:00+00:00,2022-07-12 18:47:00+00:00,0.0,US/Pacific,KCQT,34.0235,-118.2912,Los Angeles,Los Angeles,CA,90007
W-3822180,Fog,Moderate,2022-07-16 15:47:00+00:00,2022-07-16 16:47:00+00:00,0.0,US/Pacific,KCQT,34.0235,-118.2912,Los Angeles,Los Angeles,CA,90007
W-3822181,Fog,Moderate,2022-07-22 15:47:00+00:00,2022-07-22 17:20:00+00:00,0.0,US/Pacific,KCQT,34.0235,-118.2912,Los Angeles,Los Angeles,CA,90007
W-3822182,Fog,Moderate,2022-07-24 14:47:00+00:00,2022-07-24 15:47:00+00:00,0.0,US/Pacific,KCQT,34.0235,-118.2912,Los Angeles,Los Angeles,CA,90007
W-3822183,Fog,Moderate,2022-07-24 16:47:00+00:00,2022-07-24 19:47:00+00:00,0.0,US/Pacific,KCQT,34.0235,-118.2912,Los Angeles,Los Angeles,CA,90007
W-3822184,Fog,Moderate,2022-07-25 16:47:00+00:00,2022-07-25 18:47:00+00:00,0.0,US/Pacific,KCQT,34.0235,-118.2912,Los Angeles,Los Angeles,CA,90007
W-3822185,Fog,Moderate,2022-07-26 14:47:00+00:00,2022-07-26 15:47:00+00:00,0.0,US/Pacific,KCQT,34.0235,-118.2912,Los Angeles,Los Angeles,CA,90007
W-3822186,Fog,Moderate,2022-07-26 17:47:00+00:00,2022-07-26 18:17:00+00:00,0.0,US/Pacific,KCQT,34.0235,-118.2912,Los Angeles,Los Angeles,CA,90007
W-3822187,Fog,Moderate,2022-07-27 14:47:00+00:00,2022-07-27 16:47:00+00:00,0.0,US/Pacific,KCQT,34.0235,-118.2912,Los Angeles,Los Angeles,CA,90007
W-3822188,Fog,Severe,2022-08-11 18:37:00+00:00,2022-08-11 18:47:00+00:00,0.0,US/Pacific,KCQT,34.0235,-118.2912,Los Angeles,Los Angeles,CA,90007
W-3822189,Fog,Severe,2022-08-21 12:38:00+00:00,2022-08-21 13:01:00+00:00,0.0,US/Pacific,KCQT,34.0235,-118.2912,Los Angeles,Los Angeles,CA,90007
W-3822190,Fog,Moderate,2022-08-21 13:01:00+00:00,2022-08-21 13:47:00+00:00,0.0,US/Pacific,KCQT,34.0235,-118.2912,Los Angeles,Los Angeles,CA,90007
W-3822191,Fog,Moderate,2022-08-23 16:47:00+00:00,2022-08-23 17:47:00+00:00,0.0,US/Pacific,KCQT,34.0235,-118.2912,Los Angeles,Los Angeles,CA,90007
W-3822192,Fog,Moderate,2022-08-23 18:47:00+00:00,2022-08-23 20:47:00+00:00,0.0,US/Pacific,KCQT,34.0235,-118.2912,Los Angeles,Los Angeles,CA,90007
W-3822193,Fog,Moderate,2022-08-24 16:47:00+00:00,2022-08-24 17:47:00+00:00,0.0,US/Pacific,KCQT,34.0235,-118.2912,Los Angeles,Los Angeles,CA,90007
W-3822194,Fog,Moderate,2022-08-26 17:47:00+00:00,2022-08-26 18:47:00+00:00,0.0,US/Pacific,KCQT,34.0235,-118.2912,Los Angeles,Los Angeles,CA,90007
W-3822195,Fog,Moderate,2022-08-27 16:47:00+00:00,2022-08-27 17:16:00+00:00,0.0,US/Pacific,KCQT,34.0235,-118.2912,Los Angeles,Los Angeles,CA,90007
W-3822196,Rain,Light,2022-09-10 01:47:00+00:00,2022-09-10 02:47:00+00:00,0.0,US/Pacific,KCQT,34.0235,-118.2912,Los Angeles,Los Angeles,CA,90007
W-3822197,Rain,Light,2022-09-10 04:47:00+00:00,2022-09-10 06:09:00+00:00,0.11,US/Pacific,KCQT,34.0235,-118.2912,Los Angeles,Los Angeles,CA,90007
W-3822198,Rain,Light,2022-09-10 06:47:00+00:00,2022-09-10 08:41:00+00:00,0.07,US/Pacific,KCQT,34.0235,-118.2912,Los Angeles,Los Angeles,CA,90007
W-3822199,Rain,Light,2022-09-10 09:46:00+00:00,2022-09-10 10:04:00+00:00,0.16,US/Pacific,KCQT,34.0235,-118.2912,Los Angeles,Los Angeles,CA,90007
W-3822200,Rain,Moderate,2022-09-10 10:04:00+00:00,2022-09-10 11:47:00+00:00,0.84,US/Pacific,KCQT,34.0235,-118.2912,Los Angeles,Los Angeles,CA,90007
W-3822201,Rain,Light,2022-09-11 04:29:00+00:00,2022-09-11 04:47:00+00:00,0.0,US/Pacific,KCQT,34.0235,-118.2912,Los Angeles,Los Angeles,CA,90007
W-3822202,Rain,Light,2022-09-12 04:47:00+00:00,2022-09-12 05:47:00+00:00,0.01,US/Pacific,KCQT,34.0235,-118.2912,Los Angeles,Los Angeles,CA,90007
W-3822203,Cold,Severe,2022-09-13 19:47:00+00:00,2022-09-13 21:47:00+00:00,0.0,US/Pacific,KCQT,34.0235,-118.2912,Los Angeles,Los Angeles,CA,90007
W-3822204,Fog,Severe,2022-09-29 14:35:00+00:00,2022-09-29 17:38:00+00:00,0.0,US/Pacific,KCQT,34.0235,-118.2912,Los Angeles,Los Angeles,CA,90007
W-3822205,Fog,Severe,2022-09-29 17:47:00+00:00,2022-09-29 18:00:00+00:00,0.0,US/Pacific,KCQT,34.0235,-118.2912,Los Angeles,Los Angeles,CA,90007
W-3822206,Fog,Moderate,2022-09-29 18:31:00+00:00,2022-09-29 18:47:00+00:00,0.0,US/Pacific,KCQT,34.0235,-118.2912,Los Angeles,Los Angeles,CA,90007
W-3822207,Fog,Moderate,2022-10-05 17:47:00+00:00,2022-10-05 19:47:00+00:00,0.0,US/Pacific,KCQT,34.0235,-118.2912,Los Angeles,Los Angeles,CA,90007
W-3822208,Fog,Moderate,2022-10-06 16:47:00+00:00,2022-10-06 20:47:00+00:00,0.0,US/Pacific,KCQT,34.0235,-118.2912,Los Angeles,Los Angeles,CA,90007
W-3822209,Fog,Moderate,2022-10-06 22:47:00+00:00,2022-10-06 23:47:00+00:00,0.0,US/Pacific,KCQT,34.0235,-118.2912,Los Angeles,Los Angeles,CA,90007
W-3822210,Fog,Moderate,2022-10-07 08:47:00+00:00,2022-10-07 09:16:00+00:00,0.0,US/Pacific,KCQT,34.0235,-118.2912,Los Angeles,Los Angeles,CA,90007
W-3822211,Fog,Moderate,2022-10-07 09:47:00+00:00,2022-10-07 12:47:00+00:00,0.0,US/Pacific,KCQT,34.0235,-118.2912,Los Angeles,Los Angeles,CA,90007
W-3822212,Fog,Moderate,2022-10-07 15:47:00+00:00,2022-10-07 20:47:00+00:00,0.0,US/Pacific,KCQT,34.0235,-118.2912,Los Angeles,Los Angeles,CA,90007
W-3822213,Fog,Moderate,2022-10-08 01:47:00+00:00,2022-10-08 02:47:00+00:00,0.0,US/Pacific,KCQT,34.0235,-118.2912,Los Angeles,Los Angeles,CA,90007
W-3822214,Fog,Severe,2022-10-08 14:22:00+00:00,2022-10-08 14:30:00+00:00,0.0,US/Pacific,KCQT,34.0235,-118.2912,Los Angeles,Los Angeles,CA,90007
W-3822215,Fog,Severe,2022-10-08 15:02:00+00:00,2022-10-08 17:44:00+00:00,0.0,US/Pacific,KCQT,34.0235,-118.2912,Los Angeles,Los Angeles,CA,90007
W-3822216,Fog,Moderate,2022-10-08 17:44:00+00:00,2022-10-08 20:47:00+00:00,0.0,US/Pacific,KCQT,34.0235,-118.2912,Los Angeles,Los Angeles,CA,90007
W-3822217,Fog,Moderate,2022-10-08 21:47:00+00:00,2022-10-08 23:47:00+00:00,0.0,US/Pacific,KCQT,34.0235,-118.2912,Los Angeles,Los Angeles,CA,90007
W-3822218,Fog,Moderate,2022-10-09 17:47:00+00:00,2022-10-09 19:47:00+00:00,0.0,US/Pacific,KCQT,34.0235,-118.2912,Los Angeles,Los Angeles,CA,90007
W-3822219,Fog,Moderate,2022-10-10 17:43:00+00:00,2022-10-10 19:47:00+00:00,0.0,US/Pacific,KCQT,34.0235,-118.2912,Los Angeles,Los Angeles,CA,90007
W-3822220,Fog,Moderate,2022-10-10 22:47:00+00:00,2022-10-11 00:47:00+00:00,0.0,US/Pacific,KCQT,34.0235,-118.2912,Los Angeles,Los Angeles,CA,90007
W-3822221,Fog,Moderate,2022-10-13 15:06:00+00:00,2022-10-13 21:47:00+00:00,0.0,US/Pacific,KCQT,34.0235,-118.2912,Los Angeles,Los Angeles,CA,90007
W-3822222,Fog,Moderate,2022-10-13 22:47:00+00:00,2022-10-13 23:47:00+00:00,0.0,US/Pacific,KCQT,34.0235,-118.2912,Los Angeles,Los Angeles,CA,90007
W-3822223,Fog,Moderate,2022-10-14 00:40:00+00:00,2022-10-14 01:44:00+00:00,0.0,US/Pacific,KCQT,34.0235,-118.2912,Los Angeles,Los Angeles,CA,90007
W-3822224,Fog,Moderate,2022-10-14 07:47:00+00:00,2022-10-14 08:47:00+00:00,0.0,US/Pacific,KCQT,34.0235,-118.2912,Los Angeles,Los Angeles,CA,90007
W-3822225,Fog,Severe,2022-10-15 12:21:00+00:00,2022-10-15 12:39:00+00:00,0.0,US/Pacific,KCQT,34.0235,-118.2912,Los Angeles,Los Angeles,CA,90007
W-3822226,Rain,Light,2022-10-15 12:39:00+00:00,2022-10-15 12:47:00+00:00,0.0,US/Pacific,KCQT,34.0235,-118.2912,Los Angeles,Los Angeles,CA,90007
W-3822227,Rain,Light,2022-10-15 13:33:00+00:00,2022-10-15 13:47:00+00:00,0.01,US/Pacific,KCQT,34.0235,-118.2912,Los Angeles,Los Angeles,CA,90007
W-3822228,Cold,Severe,2022-10-15 14:38:00+00:00,2022-10-15 17:17:00+00:00,0.0,US/Pacific,KCQT,34.0235,-118.2912,Los Angeles,Los Angeles,CA,90007
W-3822229,Rain,Light,2022-10-16 06:47:00+00:00,2022-10-16 07:47:00+00:00,0.0,US/Pacific,KCQT,34.0235,-118.2912,Los Angeles,Los Angeles,CA,90007
W-3822230,Fog,Severe,2022-10-18 15:25:00+00:00,2022-10-18 15:36:00+00:00,0.0,US/Pacific,KCQT,34.0235,-118.2912,Los Angeles,Los Angeles,CA,90007
W-3822231,Fog,Moderate,2022-10-21 18:08:00+00:00,2022-10-21 18:47:00+00:00,0.0,US/Pacific,KCQT,34.0235,-118.2912,Los Angeles,Los Angeles,CA,90007
W-3822232,Fog,Moderate,2022-10-28 13:47:00+00:00,2022-10-28 14:47:00+00:00,0.0,US/Pacific,KCQT,34.0235,-118.2912,Los Angeles,Los Angeles,CA,90007
W-3822233,Rain,Light,2022-11-02 08:47:00+00:00,2022-11-02 09:47:00+00:00,0.09,US/Pacific,KCQT,34.0235,-118.2912,Los Angeles,Los Angeles,CA,90007
W-3822234,Rain,Light,2022-11-02 10:09:00+00:00,2022-11-02 10:22:00+00:00,0.04,US/Pacific,KCQT,34.0235,-118.2912,Los Angeles,Los Angeles,CA,90007
W-3822235,Rain,Light,2022-11-02 10:39:00+00:00,2022-11-02 11:33:00+00:00,0.04,US/Pacific,KCQT,34.0235,-118.2912,Los Angeles,Los Angeles,CA,90007
W-3822236,Rain,Light,2022-11-02 12:39:00+00:00,2022-11-02 12:47:00+00:00,0.02,US/Pacific,KCQT,34.0235,-118.2912,Los Angeles,Los Angeles,CA,90007
W-3822237,Rain,Light,2022-11-02 12:58:00+00:00,2022-11-02 13:47:00+00:00,0.0,US/Pacific,KCQT,34.0235,-118.2912,Los Angeles,Los Angeles,CA,90007
W-3822238,Rain,Light,2022-11-02 13:57:00+00:00,2022-11-02 14:09:00+00:00,0.0,US/Pacific,KCQT,34.0235,-118.2912,Los Angeles,Los Angeles,CA,90007
W-3822239,Cold,Severe,2022-11-02 14:47:00+00:00,2022-11-02 16:47:00+00:00,0.0,US/Pacific,KCQT,34.0235,-118.2912,Los Angeles,Los Angeles,CA,90007
W-3822240,Rain,Light,2022-11-02 16:47:00+00:00,2022-11-02 17:19:00+00:00,0.03,US/Pacific,KCQT,34.0235,-118.2912,Los Angeles,Los Angeles,CA,90007
W-3822241,Rain,Light,2022-11-07 08:47:00+00:00,2022-11-07 09:47:00+00:00,0.0,US/Pacific,KCQT,34.0235,-118.2912,Los Angeles,Los Angeles,CA,90007
W-3822242,Rain,Light,2022-11-07 10:47:00+00:00,2022-11-07 11:09:00+00:00,0.0,US/Pacific,KCQT,34.0235,-118.2912,Los Angeles,Los Angeles,CA,90007
W-3822243,Rain,Light,2022-11-07 11:12:00+00:00,2022-11-07 11:27:00+00:00,0.01,US/Pacific,KCQT,34.0235,-118.2912,Los Angeles,Los Angeles,CA,90007
W-3822244,Fog,Severe,2022-11-07 11:27:00+00:00,2022-11-07 11:32:00+00:00,0.0,US/Pacific,KCQT,34.0235,-118.2912,Los Angeles,Los Angeles,CA,90007
W-3822245,Rain,Light,2022-11-07 12:06:00+00:00,2022-11-07 12:47:00+00:00,0.0,US/Pacific,KCQT,34.0235,-118.2912,Los Angeles,Los Angeles,CA,90007
W-3822246,Cold,Severe,2022-11-07 13:47:00+00:00,2022-11-07 14:47:00+00:00,0.0,US/Pacific,KCQT,34.0235,-118.2912,Los Angeles,Los Angeles,CA,90007
W-3822247,Rain,Light,2022-11-07 18:25:00+00:00,2022-11-07 19:06:00+00:00,0.0,US/Pacific,KCQT,34.0235,-118.2912,Los Angeles,Los Angeles,CA,90007
W-3822248,Rain,Light,2022-11-07 19:12:00+00:00,2022-11-07 19:52:00+00:00,0.13,US/Pacific,KCQT,34.0235,-118.2912,Los Angeles,Los Angeles,CA,90007
W-3822249,Rain,Light,2022-11-07 20:21:00+00:00,2022-11-07 20:57:00+00:00,0.19,US/Pacific,KCQT,34.0235,-118.2912,Los Angeles,Los Angeles,CA,90007
W-3822250,Rain,Light,2022-11-07 21:24:00+00:00,2022-11-07 22:08:00+00:00,0.0,US/Pacific,KCQT,34.0235,-118.2912,Los Angeles,Los Angeles,CA,90007
W-3822251,Rain,Light,2022-11-08 00:34:00+00:00,2022-11-08 00:47:00+00:00,0.04,US/Pacific,KCQT,34.0235,-118.2912,Los Angeles,Los Angeles,CA,90007
W-3822252,Rain,Light,2022-11-08 00:54:00+00:00,2022-11-08 01:47:00+00:00,0.0,US/Pacific,KCQT,34.0235,-118.2912,Los Angeles,Los Angeles,CA,90007
W-3822253,Cold,Severe,2022-11-08 06:47:00+00:00,2022-11-08 07:47:00+00:00,0.0,US/Pacific,KCQT,34.0235,-118.2912,Los Angeles,Los Angeles,CA,90007
W-3822254,Rain,Light,2022-11-08 11:05:00+00:00,2022-11-08 12:24:00+00:00,0.2,US/Pacific,KCQT,34.0235,-118.2912,Los Angeles,Los Angeles,CA,90007
W-3822255,Cold,Severe,2022-11-08 12:24:00+00:00,2022-11-08 17:47:00+00:00,0.0,US/Pacific,KCQT,34.0235,-118.2912,Los Angeles,Los Angeles,CA,90007
W-3822256,Rain,Light,2022-11-08 23:14:00+00:00,2022-11-08 23:29:00+00:00,0.15,US/Pacific,KCQT,34.0235,-118.2912,Los Angeles,Los Angeles,CA,90007
W-3822257,Rain,Moderate,2022-11-08 23:29:00+00:00,2022-11-08 23:50:00+00:00,0.72,US/Pacific,KCQT,34.0235,-118.2912,Los Angeles,Los Angeles,CA,90007
W-3822258,Rain,Light,2022-11-08 23:50:00+00:00,2022-11-09 00:47:00+00:00,0.1,US/Pacific,KCQT,34.0235,-118.2912,Los Angeles,Los Angeles,CA,90007
W-3822259,Rain,Light,2022-11-09 01:47:00+00:00,2022-11-09 03:35:00+00:00,0.01,US/Pacific,KCQT,34.0235,-118.2912,Los Angeles,Los Angeles,CA,90007
W-3822260,Rain,Light,2022-11-09 04:33:00+00:00,2022-11-09 05:28:00+00:00,0.15,US/Pacific,KCQT,34.0235,-118.2912,Los Angeles,Los Angeles,CA,90007
W-3822261,Rain,Light,2022-11-09 06:31:00+00:00,2022-11-09 06:47:00+00:00,0.0,US/Pacific,KCQT,34.0235,-118.2912,Los Angeles,Los Angeles,CA,90007
W-3822262,Rain,Light,2022-11-09 07:24:00+00:00,2022-11-09 07:33:00+00:00,0.06,US/Pacific,KCQT,34.0235,-118.2912,Los Angeles,Los Angeles,CA,90007
W-3822263,Rain,Moderate,2022-11-09 07:33:00+00:00,2022-11-09 08:47:00+00:00,0.7,US/Pacific,KCQT,34.0235,-118.2912,Los Angeles,Los Angeles,CA,90007
W-3822264,Cold,Severe,2022-11-09 09:47:00+00:00,2022-11-09 16:47:00+00:00,0.0,US/Pacific,KCQT,34.0235,-118.2912,Los Angeles,Los Angeles,CA,90007
W-3822265,Fog,Moderate,2022-11-22 15:47:00+00:00,2022-11-22 16:47:00+00:00,0.0,US/Pacific,KCQT,34.0235,-118.2912,Los Angeles,Los Angeles,CA,90007
W-3822266,Fog,Moderate,2022-11-24 05:47:00+00:00,2022-11-24 07:47:00+00:00,0.0,US/Pacific,KCQT,34.0235,-118.2912,Los Angeles,Los Angeles,CA,90007
W-3822267,Fog,Moderate,2022-11-24 09:47:00+00:00,2022-11-24 10:47:00+00:00,0.0,US/Pacific,KCQT,34.0235,-118.2912,Los Angeles,Los Angeles,CA,90007
W-3822268,Fog,Severe,2022-11-28 07:11:00+00:00,2022-11-28 07:22:00+00:00,0.0,US/Pacific,KCQT,34.0235,-118.2912,Los Angeles,Los Angeles,CA,90007
W-3822269,Fog,Severe,2022-11-28 07:57:00+00:00,2022-11-28 08:10:00+00:00,0.0,US/Pacific,KCQT,34.0235,-118.2912,Los Angeles,Los Angeles,CA,90007
W-3822270,Fog,Severe,2022-11-28 08:19:00+00:00,2022-11-28 08:35:00+00:00,0.0,US/Pacific,KCQT,34.0235,-118.2912,Los Angeles,Los Angeles,CA,90007
W-3822271,Fog,Moderate,2022-11-28 16:33:00+00:00,2022-11-28 16:58:00+00:00,0.0,US/Pacific,KCQT,34.0235,-118.2912,Los Angeles,Los Angeles,CA,90007
W-3822272,Fog,Severe,2022-11-28 16:58:00+00:00,2022-11-28 17:05:00+00:00,0.0,US/Pacific,KCQT,34.0235,-118.2912,Los Angeles,Los Angeles,CA,90007
W-3822273,Fog,Moderate,2022-11-28 17:05:00+00:00,2022-11-28 17:47:00+00:00,0.0,US/Pacific,KCQT,34.0235,-118.2912,Los Angeles,Los Angeles,CA,90007
W-3822274,Rain,Light,2022-12-02 06:47:00+00:00,2022-12-02 07:47:00+00:00,0.0,US/Pacific,KCQT,34.0235,-118.2912,Los Angeles,Los Angeles,CA,90007
W-3822275,Rain,Light,2022-12-02 09:10:00+00:00,2022-12-02 09:47:00+00:00,0.0,US/Pacific,KCQT,34.0235,-118.2912,Los Angeles,Los Angeles,CA,90007
W-3822276,Rain,Light,2022-12-02 10:36:00+00:00,2022-12-02 11:19:00+00:00,0.01,US/Pacific,KCQT,34.0235,-118.2912,Los Angeles,Los Angeles,CA,90007
W-3822277,Rain,Light,2022-12-02 12:24:00+00:00,2022-12-02 12:38:00+00:00,0.0,US/Pacific,KCQT,34.0235,-118.2912,Los Angeles,Los Angeles,CA,90007
W-3822278,Rain,Light,2022-12-02 13:03:00+00:00,2022-12-02 13:15:00+00:00,0.0,US/Pacific,KCQT,34.0235,-118.2912,Los Angeles,Los Angeles,CA,90007
W-3822279,Rain,Light,2022-12-02 13:47:00+00:00,2022-12-02 19:20:00+00:00,0.18,US/Pacific,KCQT,34.0235,-118.2912,Los Angeles,Los Angeles,CA,90007
W-3822280,Rain,Light,2022-12-03 03:47:00+00:00,2022-12-03 04:47:00+00:00,0.02,US/Pacific,KCQT,34.0235,-118.2912,Los Angeles,Los Angeles,CA,90007
W-3822281,Rain,Light,2022-12-04 21:26:00+00:00,2022-12-04 21:47:00+00:00,0.0,US/Pacific,KCQT,34.0235,-118.2912,Los Angeles,Los Angeles,CA,90007
W-3822282,Rain,Light,2022-12-04 23:47:00+00:00,2022-12-05 00:47:00+00:00,0.0,US/Pacific,KCQT,34.0235,-118.2912,Los Angeles,Los Angeles,CA,90007
W-3822283,Rain,Light,2022-12-05 03:56:00+00:00,2022-12-05 04:13:00+00:00,0.01,US/Pacific,KCQT,34.0235,-118.2912,Los Angeles,Los Angeles,CA,90007
W-3822284,Fog,Severe,2022-12-05 04:13:00+00:00,2022-12-05 04:40:00+00:00,0.0,US/Pacific,KCQT,34.0235,-118.2912,Los Angeles,Los Angeles,CA,90007
W-3822285,Fog,Moderate,2022-12-06 22:47:00+00:00,2022-12-06 23:47:00+00:00,0.0,US/Pacific,KCQT,34.0235,-118.2912,Los Angeles,Los Angeles,CA,90007
W-3822286,Rain,Light,2022-12-11 07:47:00+00:00,2022-12-11 12:47:00+00:00,0.67,US/Pacific,KCQT,34.0235,-118.2912,Los Angeles,Los Angeles,CA,90007
W-3822287,Rain,Moderate,2022-12-11 12:47:00+00:00,2022-12-11 12:54:00+00:00,0.12,US/Pacific,KCQT,34.0235,-118.2912,Los Angeles,Los Angeles,CA,90007
W-3822288,Rain,Light,2022-12-11 12:54:00+00:00,2022-12-11 13:47:00+00:00,0.23,US/Pacific,KCQT,34.0235,-118.2912,Los Angeles,Los Angeles,CA,90007
W-3822289,Rain,Moderate,2022-12-11 13:47:00+00:00,2022-12-11 14:05:00+00:00,0.19,US/Pacific,KCQT,34.0235,-118.2912,Los Angeles,Los Angeles,CA,90007
W-3822290,Rain,Light,2022-12-11 14:05:00+00:00,2022-12-11 14:21:00+00:00,0.08,US/Pacific,KCQT,34.0235,-118.2912,Los Angeles,Los Angeles,CA,90007
W-3822291,Rain,Moderate,2022-12-11 14:21:00+00:00,2022-12-11 14:44:00+00:00,0.92,US/Pacific,KCQT,34.0235,-118.2912,Los Angeles,Los Angeles,CA,90007
W-3822292,Rain,Heavy,2022-12-11 14:44:00+00:00,2022-12-11 14:50:00+00:00,0.59,US/Pacific,KCQT,34.0235,-118.2912,Los Angeles,Los Angeles,CA,90007
W-3822293,Rain,Light,2022-12-11 14:50:00+00:00,2022-12-11 16:29:00+00:00,0.08,US/Pacific,KCQT,34.0235,-118.2912,Los Angeles,Los Angeles,CA,90007
W-3822294,Rain,Light,2022-12-11 17:18:00+00:00,2022-12-11 17:47:00+00:00,0.01,US/Pacific,KCQT,34.0235,-118.2912,Los Angeles,Los Angeles,CA,90007
W-3822295,Rain,Light,2022-12-11 18:20:00+00:00,2022-12-11 18:47:00+00:00,0.01,US/Pacific,KCQT,34.0235,-118.2912,Los Angeles,Los Angeles,CA,90007
W-3822296,Rain,Light,2022-12-12 10:47:00+00:00,2022-12-12 11:47:00+00:00,0.0,US/Pacific,KCQT,34.0235,-118.2912,Los Angeles,Los Angeles,CA,90007
W-3822297,Rain,Light,2022-12-12 12:47:00+00:00,2022-12-12 13:47:00+00:00,0.08,US/Pacific,KCQT,34.0235,-118.2912,Los Angeles,Los Angeles,CA,90007
W-3822298,Rain,Light,2022-12-12 14:47:00+00:00,2022-12-12 16:47:00+00:00,0.12,US/Pacific,KCQT,34.0235,-118.2912,Los Angeles,Los Angeles,CA,90007
W-3822299,Fog,Moderate,2022-12-23 04:47:00+00:00,2022-12-23 05:47:00+00:00,0.0,US/Pacific,KCQT,34.0235,-118.2912,Los Angeles,Los Angeles,CA,90007
W-3822300,Fog,Moderate,2022-12-23 21:47:00+00:00,2022-12-23 22:47:00+00:00,0.0,US/Pacific,KCQT,34.0235,-118.2912,Los Angeles,Los Angeles,CA,90007
W-3822301,Fog,Moderate,2022-12-23 23:47:00+00:00,2022-12-24 01:47:00+00:00,0.0,US/Pacific,KCQT,34.0235,-118.2912,Los Angeles,Los Angeles,CA,90007
W-3822302,Rain,Light,2022-12-27 21:47:00+00:00,2022-12-28 00:47:00+00:00,0.06,US/Pacific,KCQT,34.0235,-118.2912,Los Angeles,Los Angeles,CA,90007
W-3822303,Rain,Light,2022-12-28 01:47:00+00:00,2022-12-28 04:47:00+00:00,0.17,US/Pacific,KCQT,34.0235,-118.2912,Los Angeles,Los Angeles,CA,90007
W-3822304,Rain,Moderate,2022-12-28 04:47:00+00:00,2022-12-28 05:23:00+00:00,0.1,US/Pacific,KCQT,34.0235,-118.2912,Los Angeles,Los Angeles,CA,90007
W-3822305,Rain,Light,2022-12-28 05:23:00+00:00,2022-12-28 08:47:00+00:00,0.52,US/Pacific,KCQT,34.0235,-118.2912,Los Angeles,Los Angeles,CA,90007
W-3822306,Fog,Severe,2022-12-28 12:50:00+00:00,2022-12-28 13:05:00+00:00,0.0,US/Pacific,KCQT,34.0235,-118.2912,Los Angeles,Los Angeles,CA,90007
W-3822307,Fog,Severe,2022-12-28 13:20:00+00:00,2022-12-28 14:47:00+00:00,0.0,US/Pacific,KCQT,34.0235,-118.2912,Los Angeles,Los Angeles,CA,90007
W-3822308,Fog,Severe,2022-12-28 14:50:00+00:00,2022-12-28 14:53:00+00:00,0.0,US/Pacific,KCQT,34.0235,-118.2912,Los Angeles,Los Angeles,CA,90007
W-3822309,Fog,Severe,2022-12-28 15:04:00+00:00,2022-12-28 16:25:00+00:00,0.0,US/Pacific,KCQT,34.0235,-118.2912,Los Angeles,Los Angeles,CA,90007
W-3822310,Rain,Light,2022-12-29 15:47:00+00:00,2022-12-29 16:47:00+00:00,0.0,US/Pacific,KCQT,34.0235,-118.2912,Los Angeles,Los Angeles,CA,90007
W-3822311,Rain,Light,2022-12-29 23:29:00+00:00,2022-12-29 23:47:00+00:00,0.0,US/Pacific,KCQT,34.0235,-118.2912,Los Angeles,Los Angeles,CA,90007
W-3822312,Fog,Severe,2022-12-30 16:05:00+00:00,2022-12-30 16:16:00+00:00,0.0,US/Pacific,KCQT,34.0235,-118.2912,Los Angeles,Los Angeles,CA,90007
W-3822313,Fog,Severe,2022-12-30 16:22:00+00:00,2022-12-30 16:43:00+00:00,0.0,US/Pacific,KCQT,34.0235,-118.2912,Los Angeles,Los Angeles,CA,90007
W-3822314,Fog,Severe,2022-12-30 17:04:00+00:00,2022-12-30 17:41:00+00:00,0.0,US/Pacific,KCQT,34.0235,-118.2912,Los Angeles,Los Angeles,CA,90007
W-3822315,Rain,Light,2022-12-30 17:59:00+00:00,2022-12-30 18:21:00+00:00,0.0,US/Pacific,KCQT,34.0235,-118.2912,Los Angeles,Los Angeles,CA,90007
W-3822316,Fog,Severe,2022-12-30 18:21:00+00:00,2022-12-30 18:41:00+00:00,0.0,US/Pacific,KCQT,34.0235,-118.2912,Los Angeles,Los Angeles,CA,90007
W-3822317,Rain,Light,2022-12-30 19:27:00+00:00,2022-12-30 19:44:00+00:00,0.03,US/Pacific,KCQT,34.0235,-118.2912,Los Angeles,Los Angeles,CA,90007
W-3822318,Fog,Severe,2022-12-31 07:11:00+00:00,2022-12-31 07:37:00+00:00,0.0,US/Pacific,KCQT,34.0235,-118.2912,Los Angeles,Los Angeles,CA,90007
W-3822319,Rain,Light,2022-12-31 08:37:00+00:00,2022-12-31 08:47:00+00:00,0.0,US/Pacific,KCQT,34.0235,-118.2912,Los Angeles,Los Angeles,CA,90007
W-3822320,Rain,Light,2022-12-31 09:19:00+00:00,2022-12-31 09:32:00+00:00,0.01,US/Pacific,KCQT,34.0235,-118.2912,Los Angeles,Los Angeles,CA,90007
W-3822321,Rain,Light,2022-12-31 09:43:00+00:00,2022-12-31 10:06:00+00:00,0.03,US/Pacific,KCQT,34.0235,-118.2912,Los Angeles,Los Angeles,CA,90007
W-3822322,Rain,Light,2022-12-31 10:47:00+00:00,2022-12-31 13:03:00+00:00,0.14,US/Pacific,KCQT,34.0235,-118.2912,Los Angeles,Los Angeles,CA,90007
W-3822323,Rain,Light,2022-12-31 13:22:00+00:00,2022-12-31 15:23:00+00:00,0.12,US/Pacific,KCQT,34.0235,-118.2912,Los Angeles,Los Angeles,CA,90007
W-3822324,Fog,Severe,2022-12-31 15:23:00+00:00,2022-12-31 16:09:00+00:00,0.0,US/Pacific,KCQT,34.0235,-118.2912,Los Angeles,Los Angeles,CA,90007
W-3822325,Rain,Light,2022-12-31 16:12:00+00:00,2022-12-31 17:01:00+00:00,0.05,US/Pacific,KCQT,34.0235,-118.2912,Los Angeles,Los Angeles,CA,90007
W-3822326,Fog,Severe,2022-12-31 17:01:00+00:00,2022-12-31 17:43:00+00:00,0.0,US/Pacific,KCQT,34.0235,-118.2912,Los Angeles,Los Angeles,CA,90007
W-3822327,Rain,Light,2022-12-31 17:43:00+00:00,2022-12-31 17:47:00+00:00,0.03,US/Pacific,KCQT,34.0235,-118.2912,Los Angeles,Los Angeles,CA,90007
W-3822328,Rain,Light,2022-12-31 18:29:00+00:00,2022-12-31 20:34:00+00:00,0.16,US/Pacific,KCQT,34.0235,-118.2912,Los Angeles,Los Angeles,CA,90007
W-3822329,Rain,Light,2022-12-31 20:37:00+00:00,2022-12-31 21:47:00+00:00,0.14,US/Pacific,KCQT,34.0235,-118.2912,Los Angeles,Los Angeles,CA,90007
W-3822330,Rain,Light,2022-12-31 22:47:00+00:00,2022-12-31 23:47:00+00:00,0.0,US/Pacific,KCQT,34.0235,-118.2912,Los Angeles,Los Angeles,CA,90007
W-5295301,Fog,Moderate,2022-01-05 07:53:00+00:00,2022-01-05 08:53:00+00:00,0.0,US/Pacific,KLAX,33.9382,-118.3865,Los Angeles,Los Angeles,CA,90045.0
W-5295302,Fog,Moderate,2022-01-06 06:51:00+00:00,2022-01-06 08:53:00+00:00,0.0,US/Pacific,KLAX,33.9382,-118.3865,Los Angeles,Los Angeles,CA,90045.0
W-5295303,Fog,Moderate,2022-01-07 01:53:00+00:00,2022-01-07 02:53:00+00:00,0.0,US/Pacific,KLAX,33.9382,-118.3865,Los Angeles,Los Angeles,CA,90045.0
W-5295304,Fog,Severe,2022-01-07 03:22:00+00:00,2022-01-07 18:28:00+00:00,0.0,US/Pacific,KLAX,33.9382,-118.3865,Los Angeles,Los Angeles,CA,90045.0
W-5295305,Fog,Severe,2022-01-07 18:53:00+00:00,2022-01-07 19:43:00+00:00,0.0,US/Pacific,KLAX,33.9382,-118.3865,Los Angeles,Los Angeles,CA,90045.0
W-5295306,Fog,Severe,2022-01-07 19:53:00+00:00,2022-01-07 21:08:00+00:00,0.0,US/Pacific,KLAX,33.9382,-118.3865,Los Angeles,Los Angeles,CA,90045.0
W-5295307,Fog,Moderate,2022-01-07 22:26:00+00:00,2022-01-07 23:53:00+00:00,0.0,US/Pacific,KLAX,33.9382,-118.3865,Los Angeles,Los Angeles,CA,90045.0
W-5295308,Fog,Moderate,2022-01-08 01:53:00+00:00,2022-01-08 03:53:00+00:00,0.0,US/Pacific,KLAX,33.9382,-118.3865,Los Angeles,Los Angeles,CA,90045.0
W-5295309,Fog,Moderate,2022-01-08 04:27:00+00:00,2022-01-08 05:53:00+00:00,0.0,US/Pacific,KLAX,33.9382,-118.3865,Los Angeles,Los Angeles,CA,90045.0
W-5295310,Rain,Light,2022-01-08 06:53:00+00:00,2022-01-08 07:53:00+00:00,0.0,US/Pacific,KLAX,33.9382,-118.3865,Los Angeles,Los Angeles,CA,90045.0
W-5295311,Fog,Moderate,2022-01-08 16:53:00+00:00,2022-01-08 17:53:00+00:00,0.0,US/Pacific,KLAX,33.9382,-118.3865,Los Angeles,Los Angeles,CA,90045.0
W-5295312,Rain,Light,2022-01-13 21:53:00+00:00,2022-01-13 22:53:00+00:00,0.0,US/Pacific,KLAX,33.9382,-118.3865,Los Angeles,Los Angeles,CA,90045.0
W-5295313,Fog,Moderate,2022-01-14 13:53:00+00:00,2022-01-14 14:53:00+00:00,0.0,US/Pacific,KLAX,33.9382,-118.3865,Los Angeles,Los Angeles,CA,90045.0
W-5295314,Fog,Moderate,2022-01-14 21:53:00+00:00,2022-01-14 22:53:00+00:00,0.0,US/Pacific,KLAX,33.9382,-118.3865,Los Angeles,Los Angeles,CA,90045.0
W-5295315,Rain,Light,2022-01-15 16:53:00+00:00,2022-01-15 17:53:00+00:00,0.0,US/Pacific,KLAX,33.9382,-118.3865,Los Angeles,Los Angeles,CA,90045.0
W-5295316,Rain,Light,2022-01-15 23:53:00+00:00,2022-01-16 01:53:00+00:00,0.0,US/Pacific,KLAX,33.9382,-118.3865,Los Angeles,Los Angeles,CA,90045.0
W-5295317,Rain,Light,2022-01-16 02:53:00+00:00,2022-01-16 04:53:00+00:00,0.0,US/Pacific,KLAX,33.9382,-118.3865,Los Angeles,Los Angeles,CA,90045.0
W-5295318,Rain,Light,2022-01-17 14:12:00+00:00,2022-01-17 14:53:00+00:00,0.01,US/Pacific,KLAX,33.9382,-118.3865,Los Angeles,Los Angeles,CA,90045.0
W-5295319,Rain,Light,2022-01-17 16:53:00+00:00,2022-01-17 17:53:00+00:00,0.0,US/Pacific,KLAX,33.9382,-118.3865,Los Angeles,Los Angeles,CA,90045.0
W-5295320,Fog,Moderate,2022-01-19 17:47:00+00:00,2022-01-19 19:53:00+00:00,0.0,US/Pacific,KLAX,33.9382,-118.3865,Los Angeles,Los Angeles,CA,90045.0
W-5295321,Fog,Moderate,2022-01-20 06:53:00+00:00,2022-01-20 08:53:00+00:00,0.0,US/Pacific,KLAX,33.9382,-118.3865,Los Angeles,Los Angeles,CA,90045.0
W-5295322,Fog,Moderate,2022-01-20 12:53:00+00:00,2022-01-20 16:53:00+00:00,0.0,US/Pacific,KLAX,33.9382,-118.3865,Los Angeles,Los Angeles,CA,90045.0
W-5295323,Fog,Moderate,2022-01-25 08:53:00+00:00,2022-01-25 10:45:00+00:00,0.0,US/Pacific,KLAX,33.9382,-118.3865,Los Angeles,Los Angeles,CA,90045.0
W-5295324,Fog,Severe,2022-01-25 10:45:00+00:00,2022-01-25 16:16:00+00:00,0.0,US/Pacific,KLAX,33.9382,-118.3865,Los Angeles,Los Angeles,CA,90045.0
W-5295325,Fog,Moderate,2022-01-25 16:53:00+00:00,2022-01-25 17:53:00+00:00,0.0,US/Pacific,KLAX,33.9382,-118.3865,Los Angeles,Los Angeles,CA,90045.0
W-5295326,Fog,Moderate,2022-01-26 06:53:00+00:00,2022-01-26 09:53:00+00:00,0.0,US/Pacific,KLAX,33.9382,-118.3865,Los Angeles,Los Angeles,CA,90045.0
W-5295327,Fog,Moderate,2022-01-28 06:53:00+00:00,2022-01-28 08:53:00+00:00,0.0,US/Pacific,KLAX,33.9382,-118.3865,Los Angeles,Los Angeles,CA,90045.0
W-5295328,Fog,Moderate,2022-01-31 08:53:00+00:00,2022-01-31 11:53:00+00:00,0.0,US/Pacific,KLAX,33.9382,-118.3865,Los Angeles,Los Angeles,CA,90045.0
W-5295329,Fog,Moderate,2022-02-14 20:53:00+00:00,2022-02-14 22:53:00+00:00,0.0,US/Pacific,KLAX,33.9382,-118.3865,Los Angeles,Los Angeles,CA,90045.0
W-5295330,Rain,Light,2022-02-15 13:53:00+00:00,2022-02-15 14:21:00+00:00,0.0,US/Pacific,KLAX,33.9382,-118.3865,Los Angeles,Los Angeles,CA,90045.0
W-5295331,Rain,Light,2022-02-15 14:53:00+00:00,2022-02-15 15:53:00+00:00,0.0,US/Pacific,KLAX,33.9382,-118.3865,Los Angeles,Los Angeles,CA,90045.0
W-5295332,Rain,Light,2022-02-15 16:53:00+00:00,2022-02-15 17:20:00+00:00,0.0,US/Pacific,KLAX,33.9382,-118.3865,Los Angeles,Los Angeles,CA,90045.0
W-5295333,Rain,Light,2022-02-16 00:49:00+00:00,2022-02-16 01:11:00+00:00,0.0,US/Pacific,KLAX,33.9382,-118.3865,Los Angeles,Los Angeles,CA,90045.0
W-5295334,Rain,Light,2022-02-16 01:41:00+00:00,2022-02-16 02:53:00+00:00,0.02,US/Pacific,KLAX,33.9382,-118.3865,Los Angeles,Los Angeles,CA,90045.0
W-5295335,Fog,Moderate,2022-02-20 16:53:00+00:00,2022-02-20 18:53:00+00:00,0.0,US/Pacific,KLAX,33.9382,-118.3865,Los Angeles,Los Angeles,CA,90045.0
W-5295336,Rain,Light,2022-02-22 23:53:00+00:00,2022-02-23 00:53:00+00:00,0.0,US/Pacific,KLAX,33.9382,-118.3865,Los Angeles,Los Angeles,CA,90045.0
W-5295337,Rain,Light,2022-02-23 06:53:00+00:00,2022-02-23 07:53:00+00:00,0.02,US/Pacific,KLAX,33.9382,-118.3865,Los Angeles,Los Angeles,CA,90045.0
W-5295338,Fog,Severe,2022-03-03 11:28:00+00:00,2022-03-03 18:35:00+00:00,0.0,US/Pacific,KLAX,33.9382,-118.3865,Los Angeles,Los Angeles,CA,90045.0
W-5295339,Fog,Moderate,2022-03-03 18:35:00+00:00,2022-03-03 18:53:00+00:00,0.0,US/Pacific,KLAX,33.9382,-118.3865,Los Angeles,Los Angeles,CA,90045.0
W-5295340,Fog,Moderate,2022-03-16 17:53:00+00:00,2022-03-16 18:53:00+00:00,0.0,US/Pacific,KLAX,33.9382,-118.3865,Los Angeles,Los Angeles,CA,90045.0
W-5295341,Fog,Moderate,2022-03-17 13:53:00+00:00,2022-03-17 16:53:00+00:00,0.0,US/Pacific,KLAX,33.9382,-118.3865,Los Angeles,Los Angeles,CA,90045.0
W-5295342,Rain,Light,2022-03-20 06:18:00+00:00,2022-03-20 06:50:00+00:00,0.0,US/Pacific,KLAX,33.9382,-118.3865,Los Angeles,Los Angeles,CA,90045.0
W-5295343,Fog,Severe,2022-03-20 07:03:00+00:00,2022-03-20 07:40:00+00:00,0.0,US/Pacific,KLAX,33.9382,-118.3865,Los Angeles,Los Angeles,CA,90045.0
W-5295344,Rain,Light,2022-03-20 08:53:00+00:00,2022-03-20 09:50:00+00:00,0.0,US/Pacific,KLAX,33.9382,-118.3865,Los Angeles,Los Angeles,CA,90045.0
W-5295345,Fog,Moderate,2022-03-24 11:53:00+00:00,2022-03-24 15:48:00+00:00,0.0,US/Pacific,KLAX,33.9382,-118.3865,Los Angeles,Los Angeles,CA,90045.0
W-5295346,Fog,Severe,2022-03-24 15:48:00+00:00,2022-03-24 17:36:00+00:00,0.0,US/Pacific,KLAX,33.9382,-118.3865,Los Angeles,Los Angeles,CA,90045.0
W-5295347,Fog,Moderate,2022-03-24 17:36:00+00:00,2022-03-24 20:53:00+00:00,0.0,US/Pacific,KLAX,33.9382,-118.3865,Los Angeles,Los Angeles,CA,90045.0
W-5295348,Fog,Severe,2022-03-25 05:07:00+00:00,2022-03-25 06:53:00+00:00,0.0,US/Pacific,KLAX,33.9382,-118.3865,Los Angeles,Los Angeles,CA,90045.0
W-5295349,Fog,Moderate,2022-03-25 06:53:00+00:00,2022-03-25 07:53:00+00:00,0.0,US/Pacific,KLAX,33.9382,-118.3865,Los Angeles,Los Angeles,CA,90045.0
W-5295350,Fog,Severe,2022-03-25 08:04:00+00:00,2022-03-25 08:53:00+00:00,0.0,US/Pacific,KLAX,33.9382,-118.3865,Los Angeles,Los Angeles,CA,90045.0
W-5295351,Fog,Severe,2022-03-25 09:12:00+00:00,2022-03-25 18:04:00+00:00,0.0,US/Pacific,KLAX,33.9382,-118.3865,Los Angeles,Los Angeles,CA,90045.0
W-5295352,Fog,Moderate,2022-03-25 18:04:00+00:00,2022-03-25 18:53:00+00:00,0.0,US/Pacific,KLAX,33.9382,-118.3865,Los Angeles,Los Angeles,CA,90045.0
W-5295353,Fog,Severe,2022-03-25 23:27:00+00:00,2022-03-26 01:50:00+00:00,0.0,US/Pacific,KLAX,33.9382,-118.3865,Los Angeles,Los Angeles,CA,90045.0
W-5295354,Fog,Severe,2022-03-26 07:47:00+00:00,2022-03-26 08:53:00+00:00,0.0,US/Pacific,KLAX,33.9382,-118.3865,Los Angeles,Los Angeles,CA,90045.0
W-5295355,Fog,Moderate,2022-03-26 18:53:00+00:00,2022-03-26 19:53:00+00:00,0.0,US/Pacific,KLAX,33.9382,-118.3865,Los Angeles,Los Angeles,CA,90045.0
W-5295356,Rain,Light,2022-03-28 09:53:00+00:00,2022-03-28 10:53:00+00:00,0.0,US/Pacific,KLAX,33.9382,-118.3865,Los Angeles,Los Angeles,CA,90045.0
W-5295357,Rain,Light,2022-03-28 15:44:00+00:00,2022-03-28 18:37:00+00:00,0.22,US/Pacific,KLAX,33.9382,-118.3865,Los Angeles,Los Angeles,CA,90045.0
W-5295358,Rain,Heavy,2022-03-28 18:37:00+00:00,2022-03-28 18:57:00+00:00,0.85,US/Pacific,KLAX,33.9382,-118.3865,Los Angeles,Los Angeles,CA,90045.0
W-5295359,Rain,Light,2022-03-28 18:57:00+00:00,2022-03-28 19:15:00+00:00,0.01,US/Pacific,KLAX,33.9382,-118.3865,Los Angeles,Los Angeles,CA,90045.0
W-5295360,Rain,Moderate,2022-03-28 19:15:00+00:00,2022-03-28 20:53:00+00:00,0.51,US/Pacific,KLAX,33.9382,-118.3865,Los Angeles,Los Angeles,CA,90045.0
W-5295361,Rain,Light,2022-03-29 00:44:00+00:00,2022-03-29 00:53:00+00:00,0.15,US/Pacific,KLAX,33.9382,-118.3865,Los Angeles,Los Angeles,CA,90045.0
W-5295362,Rain,Moderate,2022-03-29 00:53:00+00:00,2022-03-29 02:24:00+00:00,0.45,US/Pacific,KLAX,33.9382,-118.3865,Los Angeles,Los Angeles,CA,90045.0
W-5295363,Rain,Light,2022-03-29 02:53:00+00:00,2022-03-29 03:53:00+00:00,0.02,US/Pacific,KLAX,33.9382,-118.3865,Los Angeles,Los Angeles,CA,90045.0
W-5295364,Rain,Light,2022-03-29 04:30:00+00:00,2022-03-29 04:53:00+00:00,0.0,US/Pacific,KLAX,33.9382,-118.3865,Los Angeles,Los Angeles,CA,90045.0
W-5295365,Rain,Light,2022-03-29 08:53:00+00:00,2022-03-29 09:53:00+00:00,0.0,US/Pacific,KLAX,33.9382,-118.3865,Los Angeles,Los Angeles,CA,90045.0
W-5295366,Fog,Moderate,2022-04-06 13:53:00+00:00,2022-04-06 14:53:00+00:00,0.0,US/Pacific,KLAX,33.9382,-118.3865,Los Angeles,Los Angeles,CA,90045.0
W-5295367,Fog,Moderate,2022-04-06 16:53:00+00:00,2022-04-06 17:53:00+00:00,0.0,US/Pacific,KLAX,33.9382,-118.3865,Los Angeles,Los Angeles,CA,90045.0
W-5295368,Fog,Moderate,2022-04-06 18:53:00+00:00,2022-04-06 20:53:00+00:00,0.0,US/Pacific,KLAX,33.9382,-118.3865,Los Angeles,Los Angeles,CA,90045.0
W-5295369,Fog,Moderate,2022-04-07 10:53:00+00:00,2022-04-07 13:53:00+00:00,0.0,US/Pacific,KLAX,33.9382,-118.3865,Los Angeles,Los Angeles,CA,90045.0
W-5295370,Fog,Moderate,2022-04-10 05:53:00+00:00,2022-04-10 06:42:00+00:00,0.0,US/Pacific,KLAX,33.9382,-118.3865,Los Angeles,Los Angeles,CA,90045.0
W-5295371,Fog,Moderate,2022-04-10 10:53:00+00:00,2022-04-10 11:53:00+00:00,0.0,US/Pacific,KLAX,33.9382,-118.3865,Los Angeles,Los Angeles,CA,90045.0
W-5295372,Rain,Light,2022-04-11 16:53:00+00:00,2022-04-11 17:53:00+00:00,0.0,US/Pacific,KLAX,33.9382,-118.3865,Los Angeles,Los Angeles,CA,90045.0
W-5295373,Rain,Light,2022-04-22 07:53:00+00:00,2022-04-22 08:42:00+00:00,0.0,US/Pacific,KLAX,33.9382,-118.3865,Los Angeles,Los Angeles,CA,90045.0
W-5295374,Rain,Moderate,2022-04-22 08:42:00+00:00,2022-04-22 09:37:00+00:00,0.36,US/Pacific,KLAX,33.9382,-118.3865,Los Angeles,Los Angeles,CA,90045.0
W-5295375,Rain,Light,2022-04-22 09:37:00+00:00,2022-04-22 09:50:00+00:00,0.04,US/Pacific,KLAX,33.9382,-118.3865,Los Angeles,Los Angeles,CA,90045.0
W-5295376,Fog,Moderate,2022-04-27 11:48:00+00:00,2022-04-27 12:53:00+00:00,0.0,US/Pacific,KLAX,33.9382,-118.3865,Los Angeles,Los Angeles,CA,90045.0
W-5295377,Fog,Moderate,2022-05-04 16:25:00+00:00,2022-05-04 17:53:00+00:00,0.0,US/Pacific,KLAX,33.9382,-118.3865,Los Angeles,Los Angeles,CA,90045.0
W-5295378,Fog,Moderate,2022-05-05 18:53:00+00:00,2022-05-05 20:53:00+00:00,0.0,US/Pacific,KLAX,33.9382,-118.3865,Los Angeles,Los Angeles,CA,90045.0
W-5295379,Fog,Severe,2022-05-06 03:00:00+00:00,2022-05-06 05:15:00+00:00,0.0,US/Pacific,KLAX,33.9382,-118.3865,Los Angeles,Los Angeles,CA,90045.0
W-5295380,Fog,Moderate,2022-05-06 16:53:00+00:00,2022-05-06 17:53:00+00:00,0.0,US/Pacific,KLAX,33.9382,-118.3865,Los Angeles,Los Angeles,CA,90045.0
W-5295381,Fog,Moderate,2022-05-19 14:53:00+00:00,2022-05-19 19:53:00+00:00,0.0,US/Pacific,KLAX,33.9382,-118.3865,Los Angeles,Los Angeles,CA,90045.0
W-5295382,Fog,Moderate,2022-05-19 21:10:00+00:00,2022-05-19 21:53:00+00:00,0.0,US/Pacific,KLAX,33.9382,-118.3865,Los Angeles,Los Angeles,CA,90045.0
W-5295383,Fog,Moderate,2022-05-20 00:53:00+00:00,2022-05-20 01:53:00+00:00,0.0,US/Pacific,KLAX,33.9382,-118.3865,Los Angeles,Los Angeles,CA,90045.0
W-5295384,Fog,Moderate,2022-05-23 15:53:00+00:00,2022-05-23 16:53:00+00:00,0.0,US/Pacific,KLAX,33.9382,-118.3865,Los Angeles,Los Angeles,CA,90045.0
W-5295385,Fog,Moderate,2022-05-23 18:53:00+00:00,2022-05-23 19:53:00+00:00,0.0,US/Pacific,KLAX,33.9382,-118.3865,Los Angeles,Los Angeles,CA,90045.0
W-5295386,Fog,Moderate,2022-05-24 15:53:00+00:00,2022-05-24 17:53:00+00:00,0.0,US/Pacific,KLAX,33.9382,-118.3865,Los Angeles,Los Angeles,CA,90045.0
W-5295387,Fog,Moderate,2022-05-25 09:53:00+00:00,2022-05-25 10:53:00+00:00,0.0,US/Pacific,KLAX,33.9382,-118.3865,Los Angeles,Los Angeles,CA,90045.0
W-5295388,Fog,Moderate,2022-05-25 11:50:00+00:00,2022-05-25 16:53:00+00:00,0.0,US/Pacific,KLAX,33.9382,-118.3865,Los Angeles,Los Angeles,CA,90045.0
W-5295389,Fog,Moderate,2022-05-25 18:43:00+00:00,2022-05-25 20:48:00+00:00,0.0,US/Pacific,KLAX,33.9382,-118.3865,Los Angeles,Los Angeles,CA,90045.0
W-5295390,Fog,Moderate,2022-05-25 21:53:00+00:00,2022-05-26 00:53:00+00:00,0.0,US/Pacific,KLAX,33.9382,-118.3865,Los Angeles,Los Angeles,CA,90045.0
W-5295391,Fog,Moderate,2022-05-26 12:53:00+00:00,2022-05-26 13:53:00+00:00,0.0,US/Pacific,KLAX,33.9382,-118.3865,Los Angeles,Los Angeles,CA,90045.0
W-5295392,Fog,Moderate,2022-05-26 15:53:00+00:00,2022-05-26 18:53:00+00:00,0.0,US/Pacific,KLAX,33.9382,-118.3865,Los Angeles,Los Angeles,CA,90045.0
W-5295393,Fog,Moderate,2022-05-31 16:09:00+00:00,2022-05-31 16:53:00+00:00,0.0,US/Pacific,KLAX,33.9382,-118.3865,Los Angeles,Los Angeles,CA,90045.0
W-5295394,Fog,Moderate,2022-06-02 14:53:00+00:00,2022-06-02 15:53:00+00:00,0.0,US/Pacific,KLAX,33.9382,-118.3865,Los Angeles,Los Angeles,CA,90045.0
W-5295395,Fog,Moderate,2022-06-02 16:53:00+00:00,2022-06-02 18:53:00+00:00,0.0,US/Pacific,KLAX,33.9382,-118.3865,Los Angeles,Los Angeles,CA,90045.0
W-5295396,Fog,Moderate,2022-06-08 14:29:00+00:00,2022-06-08 17:41:00+00:00,0.0,US/Pacific,KLAX,33.9382,-118.3865,Los Angeles,Los Angeles,CA,90045.0
W-5295397,Fog,Moderate,2022-06-08 20:53:00+00:00,2022-06-08 21:26:00+00:00,0.0,US/Pacific,KLAX,33.9382,-118.3865,Los Angeles,Los Angeles,CA,90045.0
W-5295398,Fog,Moderate,2022-06-09 14:53:00+00:00,2022-06-09 15:53:00+00:00,0.0,US/Pacific,KLAX,33.9382,-118.3865,Los Angeles,Los Angeles,CA,90045.0
W-5295399,Fog,Moderate,2022-06-09 18:53:00+00:00,2022-06-09 19:53:00+00:00,0.0,US/Pacific,KLAX,33.9382,-118.3865,Los Angeles,Los Angeles,CA,90045.0
W-5295400,Fog,Moderate,2022-06-10 05:53:00+00:00,2022-06-10 06:53:00+00:00,0.0,US/Pacific,KLAX,33.9382,-118.3865,Los Angeles,Los Angeles,CA,90045.0
W-5295401,Fog,Severe,2022-06-10 13:41:00+00:00,2022-06-10 18:53:00+00:00,0.0,US/Pacific,KLAX,33.9382,-118.3865,Los Angeles,Los Angeles,CA,90045.0
W-5295402,Fog,Moderate,2022-06-10 20:53:00+00:00,2022-06-10 22:53:00+00:00,0.0,US/Pacific,KLAX,33.9382,-118.3865,Los Angeles,Los Angeles,CA,90045.0
W-5295403,Fog,Severe,2022-06-11 13:53:00+00:00,2022-06-11 17:15:00+00:00,0.0,US/Pacific,KLAX,33.9382,-118.3865,Los Angeles,Los Angeles,CA,90045.0
W-5295404,Fog,Moderate,2022-06-11 17:15:00+00:00,2022-06-11 20:53:00+00:00,0.0,US/Pacific,KLAX,33.9382,-118.3865,Los Angeles,Los Angeles,CA,90045.0
W-5295405,Fog,Moderate,2022-06-12 14:53:00+00:00,2022-06-12 16:40:00+00:00,0.0,US/Pacific,KLAX,33.9382,-118.3865,Los Angeles,Los Angeles,CA,90045.0
W-5295406,Rain,Light,2022-06-13 12:53:00+00:00,2022-06-13 16:53:00+00:00,0.02,US/Pacific,KLAX,33.9382,-118.3865,Los Angeles,Los Angeles,CA,90045.0
W-5295407,Rain,Light,2022-06-22 13:31:00+00:00,2022-06-22 13:53:00+00:00,0.0,US/Pacific,KLAX,33.9382,-118.3865,Los Angeles,Los Angeles,CA,90045.0
W-5295408,Fog,Moderate,2022-06-22 15:53:00+00:00,2022-06-22 19:53:00+00:00,0.0,US/Pacific,KLAX,33.9382,-118.3865,Los Angeles,Los Angeles,CA,90045.0
W-5295409,Fog,Severe,2022-06-23 17:30:00+00:00,2022-06-23 17:53:00+00:00,0.0,US/Pacific,KLAX,33.9382,-118.3865,Los Angeles,Los Angeles,CA,90045.0
W-5295410,Fog,Moderate,2022-06-23 18:53:00+00:00,2022-06-23 19:53:00+00:00,0.0,US/Pacific,KLAX,33.9382,-118.3865,Los Angeles,Los Angeles,CA,90045.0
W-5295411,Fog,Severe,2022-06-24 13:45:00+00:00,2022-06-24 14:53:00+00:00,0.0,US/Pacific,KLAX,33.9382,-118.3865,Los Angeles,Los Angeles,CA,90045.0
W-5295412,Fog,Moderate,2022-06-24 15:53:00+00:00,2022-06-24 16:53:00+00:00,0.0,US/Pacific,KLAX,33.9382,-118.3865,Los Angeles,Los Angeles,CA,90045.0
W-5295413,Fog,Severe,2022-06-25 08:35:00+00:00,2022-06-25 08:53:00+00:00,0.0,US/Pacific,KLAX,33.9382,-118.3865,Los Angeles,Los Angeles,CA,90045.0
W-5295414,Fog,Moderate,2022-06-25 16:05:00+00:00,2022-06-25 16:53:00+00:00,0.0,US/Pacific,KLAX,33.9382,-118.3865,Los Angeles,Los Angeles,CA,90045.0
W-5295415,Fog,Severe,2022-06-26 13:53:00+00:00,2022-06-26 16:04:00+00:00,0.0,US/Pacific,KLAX,33.9382,-118.3865,Los Angeles,Los Angeles,CA,90045.0
W-5295416,Fog,Moderate,2022-06-26 16:04:00+00:00,2022-06-26 17:53:00+00:00,0.0,US/Pacific,KLAX,33.9382,-118.3865,Los Angeles,Los Angeles,CA,90045.0
W-5295417,Fog,Moderate,2022-06-26 19:53:00+00:00,2022-06-26 20:53:00+00:00,0.0,US/Pacific,KLAX,33.9382,-118.3865,Los Angeles,Los Angeles,CA,90045.0
W-5295418,Fog,Severe,2022-06-27 13:36:00+00:00,2022-06-27 16:01:00+00:00,0.0,US/Pacific,KLAX,33.9382,-118.3865,Los Angeles,Los Angeles,CA,90045.0
W-5295419,Fog,Moderate,2022-06-27 16:01:00+00:00,2022-06-27 16:53:00+00:00,0.0,US/Pacific,KLAX,33.9382,-118.3865,Los Angeles,Los Angeles,CA,90045.0
W-5295420,Fog,Moderate,2022-06-27 17:53:00+00:00,2022-06-27 18:53:00+00:00,0.0,US/Pacific,KLAX,33.9382,-118.3865,Los Angeles,Los Angeles,CA,90045.0
W-5295421,Fog,Severe,2022-06-28 13:16:00+00:00,2022-06-28 15:42:00+00:00,0.0,US/Pacific,KLAX,33.9382,-118.3865,Los Angeles,Los Angeles,CA,90045.0
W-5295422,Fog,Moderate,2022-06-28 15:42:00+00:00,2022-06-28 19:53:00+00:00,0.0,US/Pacific,KLAX,33.9382,-118.3865,Los Angeles,Los Angeles,CA,90045.0
W-5295423,Fog,Moderate,2022-06-29 12:53:00+00:00,2022-06-29 13:53:00+00:00,0.0,US/Pacific,KLAX,33.9382,-118.3865,Los Angeles,Los Angeles,CA,90045.0
W-5295424,Fog,Moderate,2022-06-29 15:48:00+00:00,2022-06-29 16:08:00+00:00,0.0,US/Pacific,KLAX,33.9382,-118.3865,Los Angeles,Los Angeles,CA,90045.0
W-5295425,Fog,Severe,2022-06-30 12:51:00+00:00,2022-06-30 15:13:00+00:00,0.0,US/Pacific,KLAX,33.9382,-118.3865,Los Angeles,Los Angeles,CA,90045.0
W-5295426,Fog,Moderate,2022-06-30 15:13:00+00:00,2022-06-30 16:25:00+00:00,0.0,US/Pacific,KLAX,33.9382,-118.3865,Los Angeles,Los Angeles,CA,90045.0
W-5295427,Fog,Moderate,2022-06-30 16:53:00+00:00,2022-06-30 17:53:00+00:00,0.0,US/Pacific,KLAX,33.9382,-118.3865,Los Angeles,Los Angeles,CA,90045.0
W-5295428,Fog,Moderate,2022-07-01 16:53:00+00:00,2022-07-01 19:53:00+00:00,0.0,US/Pacific,KLAX,33.9382,-118.3865,Los Angeles,Los Angeles,CA,90045.0
W-5295429,Fog,Moderate,2022-07-08 15:53:00+00:00,2022-07-08 17:39:00+00:00,0.0,US/Pacific,KLAX,33.9382,-118.3865,Los Angeles,Los Angeles,CA,90045.0
W-5295430,Fog,Severe,2022-07-09 07:38:00+00:00,2022-07-09 09:53:00+00:00,0.0,US/Pacific,KLAX,33.9382,-118.3865,Los Angeles,Los Angeles,CA,90045.0
W-5295431,Fog,Moderate,2022-07-11 15:53:00+00:00,2022-07-11 17:01:00+00:00,0.0,US/Pacific,KLAX,33.9382,-118.3865,Los Angeles,Los Angeles,CA,90045.0
W-5295432,Fog,Moderate,2022-07-12 13:53:00+00:00,2022-07-12 18:53:00+00:00,0.0,US/Pacific,KLAX,33.9382,-118.3865,Los Angeles,Los Angeles,CA,90045.0
W-5295433,Fog,Severe,2022-07-15 13:49:00+00:00,2022-07-15 15:53:00+00:00,0.0,US/Pacific,KLAX,33.9382,-118.3865,Los Angeles,Los Angeles,CA,90045.0
W-5295434,Fog,Moderate,2022-07-15 17:53:00+00:00,2022-07-15 18:06:00+00:00,0.0,US/Pacific,KLAX,33.9382,-118.3865,Los Angeles,Los Angeles,CA,90045.0
W-5295435,Fog,Moderate,2022-07-15 19:53:00+00:00,2022-07-15 21:42:00+00:00,0.0,US/Pacific,KLAX,33.9382,-118.3865,Los Angeles,Los Angeles,CA,90045.0
W-5295436,Fog,Moderate,2022-07-15 23:53:00+00:00,2022-07-16 02:53:00+00:00,0.0,US/Pacific,KLAX,33.9382,-118.3865,Los Angeles,Los Angeles,CA,90045.0
W-5295437,Fog,Severe,2022-07-16 11:53:00+00:00,2022-07-16 18:06:00+00:00,0.0,US/Pacific,KLAX,33.9382,-118.3865,Los Angeles,Los Angeles,CA,90045.0
W-5295438,Fog,Moderate,2022-07-16 18:06:00+00:00,2022-07-16 18:53:00+00:00,0.0,US/Pacific,KLAX,33.9382,-118.3865,Los Angeles,Los Angeles,CA,90045.0
W-5295439,Fog,Moderate,2022-07-16 19:53:00+00:00,2022-07-16 22:53:00+00:00,0.0,US/Pacific,KLAX,33.9382,-118.3865,Los Angeles,Los Angeles,CA,90045.0
W-5295440,Fog,Moderate,2022-07-16 23:53:00+00:00,2022-07-17 00:53:00+00:00,0.0,US/Pacific,KLAX,33.9382,-118.3865,Los Angeles,Los Angeles,CA,90045.0
W-5295441,Fog,Severe,2022-07-17 13:53:00+00:00,2022-07-17 16:04:00+00:00,0.0,US/Pacific,KLAX,33.9382,-118.3865,Los Angeles,Los Angeles,CA,90045.0
W-5295442,Fog,Moderate,2022-07-19 09:53:00+00:00,2022-07-19 10:28:00+00:00,0.0,US/Pacific,KLAX,33.9382,-118.3865,Los Angeles,Los Angeles,CA,90045.0
W-5295443,Fog,Severe,2022-07-19 10:28:00+00:00,2022-07-19 13:29:00+00:00,0.0,US/Pacific,KLAX,33.9382,-118.3865,Los Angeles,Los Angeles,CA,90045.0
W-5295444,Fog,Moderate,2022-07-19 13:29:00+00:00,2022-07-19 14:38:00+00:00,0.0,US/Pacific,KLAX,33.9382,-118.3865,Los Angeles,Los Angeles,CA,90045.0
W-5295445,Fog,Severe,2022-07-19 14:38:00+00:00,2022-07-19 17:53:00+00:00,0.0,US/Pacific,KLAX,33.9382,-118.3865,Los Angeles,Los Angeles,CA,90045.0
W-5295446,Fog,Moderate,2022-07-19 17:53:00+00:00,2022-07-19 18:15:00+00:00,0.0,US/Pacific,KLAX,33.9382,-118.3865,Los Angeles,Los Angeles,CA,90045.0
W-5295447,Fog,Moderate,2022-07-20 15:53:00+00:00,2022-07-20 16:53:00+00:00,0.0,US/Pacific,KLAX,33.9382,-118.3865,Los Angeles,Los Angeles,CA,90045.0
W-5295448,Fog,Moderate,2022-07-22 16:04:00+00:00,2022-07-22 18:53:00+00:00,0.0,US/Pacific,KLAX,33.9382,-118.3865,Los Angeles,Los Angeles,CA,90045.0
W-5295449,Fog,Moderate,2022-07-24 12:53:00+00:00,2022-07-24 14:53:00+00:00,0.0,US/Pacific,KLAX,33.9382,-118.3865,Los Angeles,Los Angeles,CA,90045.0
W-5295450,Fog,Moderate,2022-07-24 18:41:00+00:00,2022-07-24 18:53:00+00:00,0.0,US/Pacific,KLAX,33.9382,-118.3865,Los Angeles,Los Angeles,CA,90045.0
W-5295451,Fog,Moderate,2022-07-25 15:53:00+00:00,2022-07-25 16:53:00+00:00,0.0,US/Pacific,KLAX,33.9382,-118.3865,Los Angeles,Los Angeles,CA,90045.0
W-5295452,Fog,Moderate,2022-08-14 18:30:00+00:00,2022-08-14 21:53:00+00:00,0.0,US/Pacific,KLAX,33.9382,-118.3865,Los Angeles,Los Angeles,CA,90045.0
W-5295453,Fog,Moderate,2022-08-15 13:53:00+00:00,2022-08-15 14:53:00+00:00,0.0,US/Pacific,KLAX,33.9382,-118.3865,Los Angeles,Los Angeles,CA,90045.0
W-5295454,Fog,Severe,2022-08-18 11:39:00+00:00,2022-08-18 17:51:00+00:00,0.0,US/Pacific,KLAX,33.9382,-118.3865,Los Angeles,Los Angeles,CA,90045.0
W-5295455,Fog,Moderate,2022-08-22 14:53:00+00:00,2022-08-22 15:53:00+00:00,0.0,US/Pacific,KLAX,33.9382,-118.3865,Los Angeles,Los Angeles,CA,90045.0
W-5295456,Rain,Light,2022-08-22 15:53:00+00:00,2022-08-22 18:26:00+00:00,0.0,US/Pacific,KLAX,33.9382,-118.3865,Los Angeles,Los Angeles,CA,90045.0
W-5295457,Fog,Severe,2022-08-23 14:34:00+00:00,2022-08-23 18:12:00+00:00,0.0,US/Pacific,KLAX,33.9382,-118.3865,Los Angeles,Los Angeles,CA,90045.0
W-5295458,Fog,Moderate,2022-08-23 18:12:00+00:00,2022-08-23 22:53:00+00:00,0.0,US/Pacific,KLAX,33.9382,-118.3865,Los Angeles,Los Angeles,CA,90045.0
W-5295459,Fog,Moderate,2022-08-24 14:53:00+00:00,2022-08-24 15:45:00+00:00,0.0,US/Pacific,KLAX,33.9382,-118.3865,Los Angeles,Los Angeles,CA,90045.0
W-5295460,Fog,Moderate,2022-08-24 16:53:00+00:00,2022-08-24 17:53:00+00:00,0.0,US/Pacific,KLAX,33.9382,-118.3865,Los Angeles,Los Angeles,CA,90045.0
W-5295461,Fog,Moderate,2022-08-26 17:35:00+00:00,2022-08-26 18:23:00+00:00,0.0,US/Pacific,KLAX,33.9382,-118.3865,Los Angeles,Los Angeles,CA,90045.0
W-5295462,Fog,Moderate,2022-09-01 14:53:00+00:00,2022-09-01 15:53:00+00:00,0.0,US/Pacific,KLAX,33.9382,-118.3865,Los Angeles,Los Angeles,CA,90045.0
W-5295463,Rain,Light,2022-09-08 15:53:00+00:00,2022-09-08 16:53:00+00:00,0.0,US/Pacific,KLAX,33.9382,-118.3865,Los Angeles,Los Angeles,CA,90045.0
W-5295464,Rain,Light,2022-09-10 00:53:00+00:00,2022-09-10 02:53:00+00:00,0.0,US/Pacific,KLAX,33.9382,-118.3865,Los Angeles,Los Angeles,CA,90045.0
W-5295465,Rain,Light,2022-09-10 03:53:00+00:00,2022-09-10 06:16:00+00:00,0.13,US/Pacific,KLAX,33.9382,-118.3865,Los Angeles,Los Angeles,CA,90045.0
W-5295466,Rain,Light,2022-09-10 07:53:00+00:00,2022-09-10 10:53:00+00:00,0.04,US/Pacific,KLAX,33.9382,-118.3865,Los Angeles,Los Angeles,CA,90045.0
W-5295467,Rain,Light,2022-09-11 05:53:00+00:00,2022-09-11 06:53:00+00:00,0.0,US/Pacific,KLAX,33.9382,-118.3865,Los Angeles,Los Angeles,CA,90045.0
W-5295468,Fog,Severe,2022-09-29 14:20:00+00:00,2022-09-29 14:45:00+00:00,0.0,US/Pacific,KLAX,33.9382,-118.3865,Los Angeles,Los Angeles,CA,90045.0
W-5295469,Fog,Severe,2022-09-29 14:54:00+00:00,2022-09-29 18:30:00+00:00,0.0,US/Pacific,KLAX,33.9382,-118.3865,Los Angeles,Los Angeles,CA,90045.0
W-5295470,Fog,Moderate,2022-09-29 18:53:00+00:00,2022-09-29 19:53:00+00:00,0.0,US/Pacific,KLAX,33.9382,-118.3865,Los Angeles,Los Angeles,CA,90045.0
W-5295471,Fog,Moderate,2022-09-29 20:53:00+00:00,2022-09-29 21:53:00+00:00,0.0,US/Pacific,KLAX,33.9382,-118.3865,Los Angeles,Los Angeles,CA,90045.0
W-5295472,Fog,Moderate,2022-10-05 16:53:00+00:00,2022-10-05 18:27:00+00:00,0.0,US/Pacific,KLAX,33.9382,-118.3865,Los Angeles,Los Angeles,CA,90045.0
W-5295473,Fog,Moderate,2022-10-05 18:53:00+00:00,2022-10-05 19:53:00+00:00,0.0,US/Pacific,KLAX,33.9382,-118.3865,Los Angeles,Los Angeles,CA,90045.0
W-5295474,Fog,Moderate,2022-10-06 14:53:00+00:00,2022-10-06 22:53:00+00:00,0.0,US/Pacific,KLAX,33.9382,-118.3865,Los Angeles,Los Angeles,CA,90045.0
W-5295475,Fog,Moderate,2022-10-07 12:53:00+00:00,2022-10-07 13:53:00+00:00,0.0,US/Pacific,KLAX,33.9382,-118.3865,Los Angeles,Los Angeles,CA,90045.0
W-5295476,Fog,Moderate,2022-10-07 19:53:00+00:00,2022-10-07 20:53:00+00:00,0.0,US/Pacific,KLAX,33.9382,-118.3865,Los Angeles,Los Angeles,CA,90045.0
W-5295477,Fog,Moderate,2022-10-07 21:53:00+00:00,2022-10-07 22:53:00+00:00,0.0,US/Pacific,KLAX,33.9382,-118.3865,Los Angeles,Los Angeles,CA,90045.0
W-5295478,Fog,Moderate,2022-10-07 23:15:00+00:00,2022-10-08 01:53:00+00:00,0.0,US/Pacific,KLAX,33.9382,-118.3865,Los Angeles,Los Angeles,CA,90045.0
W-5295479,Fog,Severe,2022-10-08 15:06:00+00:00,2022-10-08 16:28:00+00:00,0.0,US/Pacific,KLAX,33.9382,-118.3865,Los Angeles,Los Angeles,CA,90045.0
W-5295480,Fog,Moderate,2022-10-08 16:28:00+00:00,2022-10-08 21:53:00+00:00,0.0,US/Pacific,KLAX,33.9382,-118.3865,Los Angeles,Los Angeles,CA,90045.0
W-5295481,Fog,Moderate,2022-10-09 17:53:00+00:00,2022-10-09 18:18:00+00:00,0.0,US/Pacific,KLAX,33.9382,-118.3865,Los Angeles,Los Angeles,CA,90045.0
W-5295482,Fog,Moderate,2022-10-09 18:53:00+00:00,2022-10-09 19:53:00+00:00,0.0,US/Pacific,KLAX,33.9382,-118.3865,Los Angeles,Los Angeles,CA,90045.0
W-5295483,Fog,Moderate,2022-10-10 18:53:00+00:00,2022-10-10 21:53:00+00:00,0.0,US/Pacific,KLAX,33.9382,-118.3865,Los Angeles,Los Angeles,CA,90045.0
W-5295484,Rain,Light,2022-10-12 05:53:00+00:00,2022-10-12 06:53:00+00:00,0.0,US/Pacific,KLAX,33.9382,-118.3865,Los Angeles,Los Angeles,CA,90045.0
W-5295485,Precipitation,UNK,2022-10-12 13:53:00+00:00,2022-10-12 14:11:00+00:00,0.19,US/Pacific,KLAX,33.9382,-118.3865,Los Angeles,Los Angeles,CA,90045.0
W-5295486,Fog,Moderate,2022-10-13 17:53:00+00:00,2022-10-13 18:53:00+00:00,0.0,US/Pacific,KLAX,33.9382,-118.3865,Los Angeles,Los Angeles,CA,90045.0
W-5295487,Fog,Moderate,2022-10-13 21:53:00+00:00,2022-10-13 22:53:00+00:00,0.0,US/Pacific,KLAX,33.9382,-118.3865,Los Angeles,Los Angeles,CA,90045.0
W-5295488,Fog,Moderate,2022-10-14 01:53:00+00:00,2022-10-14 02:53:00+00:00,0.0,US/Pacific,KLAX,33.9382,-118.3865,Los Angeles,Los Angeles,CA,90045.0
W-5295489,Rain,Light,2022-10-15 09:53:00+00:00,2022-10-15 14:25:00+00:00,0.01,US/Pacific,KLAX,33.9382,-118.3865,Los Angeles,Los Angeles,CA,90045.0
W-5295490,Rain,Light,2022-10-15 16:10:00+00:00,2022-10-15 16:53:00+00:00,0.0,US/Pacific,KLAX,33.9382,-118.3865,Los Angeles,Los Angeles,CA,90045.0
W-5295491,Fog,Severe,2022-10-15 16:53:00+00:00,2022-10-15 17:53:00+00:00,0.0,US/Pacific,KLAX,33.9382,-118.3865,Los Angeles,Los Angeles,CA,90045.0
W-5295492,Rain,Light,2022-10-15 17:53:00+00:00,2022-10-15 18:03:00+00:00,0.02,US/Pacific,KLAX,33.9382,-118.3865,Los Angeles,Los Angeles,CA,90045.0
W-5295493,Fog,Moderate,2022-10-21 16:53:00+00:00,2022-10-21 17:53:00+00:00,0.0,US/Pacific,KLAX,33.9382,-118.3865,Los Angeles,Los Angeles,CA,90045.0
W-5295494,Rain,Light,2022-10-23 05:53:00+00:00,2022-10-23 06:53:00+00:00,0.01,US/Pacific,KLAX,33.9382,-118.3865,Los Angeles,Los Angeles,CA,90045.0
W-5295495,Fog,Moderate,2022-10-29 14:46:00+00:00,2022-10-29 15:53:00+00:00,0.0,US/Pacific,KLAX,33.9382,-118.3865,Los Angeles,Los Angeles,CA,90045.0
W-5295496,Fog,Moderate,2022-10-30 15:25:00+00:00,2022-10-30 15:53:00+00:00,0.0,US/Pacific,KLAX,33.9382,-118.3865,Los Angeles,Los Angeles,CA,90045.0
W-5295497,Fog,Moderate,2022-10-31 19:38:00+00:00,2022-10-31 21:53:00+00:00,0.0,US/Pacific,KLAX,33.9382,-118.3865,Los Angeles,Los Angeles,CA,90045.0
W-5295498,Rain,Light,2022-11-02 08:53:00+00:00,2022-11-02 10:53:00+00:00,0.1,US/Pacific,KLAX,33.9382,-118.3865,Los Angeles,Los Angeles,CA,90045.0
W-5295499,Rain,Light,2022-11-02 11:53:00+00:00,2022-11-02 13:45:00+00:00,0.03,US/Pacific,KLAX,33.9382,-118.3865,Los Angeles,Los Angeles,CA,90045.0
W-5295500,Rain,Light,2022-11-02 16:18:00+00:00,2022-11-02 16:29:00+00:00,0.01,US/Pacific,KLAX,33.9382,-118.3865,Los Angeles,Los Angeles,CA,90045.0
W-5295501,Fog,Moderate,2022-11-02 16:53:00+00:00,2022-11-02 17:53:00+00:00,0.0,US/Pacific,KLAX,33.9382,-118.3865,Los Angeles,Los Angeles,CA,90045.0
W-5295502,Rain,Light,2022-11-07 08:50:00+00:00,2022-11-07 10:53:00+00:00,0.06,US/Pacific,KLAX,33.9382,-118.3865,Los Angeles,Los Angeles,CA,90045.0
W-5295503,Fog,Severe,2022-11-07 10:53:00+00:00,2022-11-07 11:48:00+00:00,0.0,US/Pacific,KLAX,33.9382,-118.3865,Los Angeles,Los Angeles,CA,90045.0
W-5295504,Rain,Light,2022-11-07 13:53:00+00:00,2022-11-07 15:25:00+00:00,0.0,US/Pacific,KLAX,33.9382,-118.3865,Los Angeles,Los Angeles,CA,90045.0
W-5295505,Rain,Light,2022-11-07 21:53:00+00:00,2022-11-07 22:53:00+00:00,0.02,US/Pacific,KLAX,33.9382,-118.3865,Los Angeles,Los Angeles,CA,90045.0
W-5295506,Rain,Light,2022-11-07 23:53:00+00:00,2022-11-08 00:05:00+00:00,0.0,US/Pacific,KLAX,33.9382,-118.3865,Los Angeles,Los Angeles,CA,90045.0
W-5295507,Rain,Light,2022-11-08 01:53:00+00:00,2022-11-08 02:31:00+00:00,0.0,US/Pacific,KLAX,33.9382,-118.3865,Los Angeles,Los Angeles,CA,90045.0
W-5295508,Rain,Light,2022-11-08 09:53:00+00:00,2022-11-08 11:53:00+00:00,0.03,US/Pacific,KLAX,33.9382,-118.3865,Los Angeles,Los Angeles,CA,90045.0
W-5295509,Rain,Moderate,2022-11-08 12:53:00+00:00,2022-11-08 14:24:00+00:00,0.43,US/Pacific,KLAX,33.9382,-118.3865,Los Angeles,Los Angeles,CA,90045.0
W-5295510,Rain,Light,2022-11-08 14:24:00+00:00,2022-11-08 14:31:00+00:00,0.09,US/Pacific,KLAX,33.9382,-118.3865,Los Angeles,Los Angeles,CA,90045.0
W-5295511,Rain,Moderate,2022-11-08 14:31:00+00:00,2022-11-08 14:53:00+00:00,0.15,US/Pacific,KLAX,33.9382,-118.3865,Los Angeles,Los Angeles,CA,90045.0
W-5295512,Rain,Heavy,2022-11-08 14:53:00+00:00,2022-11-08 15:06:00+00:00,0.41,US/Pacific,KLAX,33.9382,-118.3865,Los Angeles,Los Angeles,CA,90045.0
W-5295513,Rain,Moderate,2022-11-08 15:06:00+00:00,2022-11-08 15:53:00+00:00,0.15,US/Pacific,KLAX,33.9382,-118.3865,Los Angeles,Los Angeles,CA,90045.0
W-5295514,Rain,Light,2022-11-08 23:03:00+00:00,2022-11-08 23:11:00+00:00,0.0,US/Pacific,KLAX,33.9382,-118.3865,Los Angeles,Los Angeles,CA,90045.0
W-5295515,Rain,Moderate,2022-11-08 23:11:00+00:00,2022-11-09 00:25:00+00:00,0.82,US/Pacific,KLAX,33.9382,-118.3865,Los Angeles,Los Angeles,CA,90045.0
W-5295516,Rain,Light,2022-11-09 00:25:00+00:00,2022-11-09 01:53:00+00:00,0.14,US/Pacific,KLAX,33.9382,-118.3865,Los Angeles,Los Angeles,CA,90045.0
W-5295517,Rain,Light,2022-11-09 02:53:00+00:00,2022-11-09 03:53:00+00:00,0.01,US/Pacific,KLAX,33.9382,-118.3865,Los Angeles,Los Angeles,CA,90045.0
W-5295518,Rain,Light,2022-11-09 05:08:00+00:00,2022-11-09 05:32:00+00:00,0.0,US/Pacific,KLAX,33.9382,-118.3865,Los Angeles,Los Angeles,CA,90045.0
W-5295519,Rain,Moderate,2022-11-09 07:53:00+00:00,2022-11-09 08:53:00+00:00,0.12,US/Pacific,KLAX,33.9382,-118.3865,Los Angeles,Los Angeles,CA,90045.0
W-5295520,Rain,Light,2022-11-09 11:53:00+00:00,2022-11-09 12:53:00+00:00,0.0,US/Pacific,KLAX,33.9382,-118.3865,Los Angeles,Los Angeles,CA,90045.0
W-5295521,Fog,Moderate,2022-11-27 07:53:00+00:00,2022-11-27 08:53:00+00:00,0.0,US/Pacific,KLAX,33.9382,-118.3865,Los Angeles,Los Angeles,CA,90045.0
W-5295522,Fog,Severe,2022-11-27 09:25:00+00:00,2022-11-27 10:53:00+00:00,0.0,US/Pacific,KLAX,33.9382,-118.3865,Los Angeles,Los Angeles,CA,90045.0
W-5295523,Fog,Moderate,2022-11-27 14:32:00+00:00,2022-11-27 14:49:00+00:00,0.0,US/Pacific,KLAX,33.9382,-118.3865,Los Angeles,Los Angeles,CA,90045.0
W-5295524,Rain,Light,2022-11-29 07:53:00+00:00,2022-11-29 08:53:00+00:00,0.0,US/Pacific,KLAX,33.9382,-118.3865,Los Angeles,Los Angeles,CA,90045.0
W-5295525,Rain,Light,2022-12-02 06:53:00+00:00,2022-12-02 07:53:00+00:00,0.0,US/Pacific,KLAX,33.9382,-118.3865,Los Angeles,Los Angeles,CA,90045.0
W-5295526,Rain,Light,2022-12-02 10:48:00+00:00,2022-12-02 11:46:00+00:00,0.02,US/Pacific,KLAX,33.9382,-118.3865,Los Angeles,Los Angeles,CA,90045.0
W-5295527,Rain,Light,2022-12-02 13:34:00+00:00,2022-12-02 15:53:00+00:00,0.03,US/Pacific,KLAX,33.9382,-118.3865,Los Angeles,Los Angeles,CA,90045.0
W-5295528,Fog,Severe,2022-12-02 15:53:00+00:00,2022-12-02 16:13:00+00:00,0.0,US/Pacific,KLAX,33.9382,-118.3865,Los Angeles,Los Angeles,CA,90045.0
W-5295529,Rain,Light,2022-12-02 16:13:00+00:00,2022-12-02 17:03:00+00:00,0.04,US/Pacific,KLAX,33.9382,-118.3865,Los Angeles,Los Angeles,CA,90045.0
W-5295530,Fog,Severe,2022-12-02 17:03:00+00:00,2022-12-02 17:13:00+00:00,0.0,US/Pacific,KLAX,33.9382,-118.3865,Los Angeles,Los Angeles,CA,90045.0
W-5295531,Rain,Light,2022-12-02 17:53:00+00:00,2022-12-02 18:11:00+00:00,0.0,US/Pacific,KLAX,33.9382,-118.3865,Los Angeles,Los Angeles,CA,90045.0
W-5295532,Rain,Light,2022-12-03 02:53:00+00:00,2022-12-03 04:53:00+00:00,0.05,US/Pacific,KLAX,33.9382,-118.3865,Los Angeles,Los Angeles,CA,90045.0
W-5295533,Fog,Moderate,2022-12-04 07:27:00+00:00,2022-12-04 10:53:00+00:00,0.0,US/Pacific,KLAX,33.9382,-118.3865,Los Angeles,Los Angeles,CA,90045.0
W-5295534,Rain,Light,2022-12-04 17:53:00+00:00,2022-12-04 18:53:00+00:00,0.0,US/Pacific,KLAX,33.9382,-118.3865,Los Angeles,Los Angeles,CA,90045.0
W-5295535,Rain,Light,2022-12-04 20:53:00+00:00,2022-12-04 21:53:00+00:00,0.0,US/Pacific,KLAX,33.9382,-118.3865,Los Angeles,Los Angeles,CA,90045.0
W-5295536,Rain,Light,2022-12-05 02:33:00+00:00,2022-12-05 02:53:00+00:00,0.0,US/Pacific,KLAX,33.9382,-118.3865,Los Angeles,Los Angeles,CA,90045.0
W-5295537,Rain,Light,2022-12-05 03:09:00+00:00,2022-12-05 06:53:00+00:00,0.34,US/Pacific,KLAX,33.9382,-118.3865,Los Angeles,Los Angeles,CA,90045.0
W-5295538,Rain,Light,2022-12-11 07:53:00+00:00,2022-12-11 08:19:00+00:00,0.0,US/Pacific,KLAX,33.9382,-118.3865,Los Angeles,Los Angeles,CA,90045.0
W-5295539,Rain,Light,2022-12-11 08:53:00+00:00,2022-12-11 13:20:00+00:00,0.21,US/Pacific,KLAX,33.9382,-118.3865,Los Angeles,Los Angeles,CA,90045.0
W-5295540,Rain,Moderate,2022-12-11 13:20:00+00:00,2022-12-11 15:28:00+00:00,0.93,US/Pacific,KLAX,33.9382,-118.3865,Los Angeles,Los Angeles,CA,90045.0
W-5295541,Rain,Light,2022-12-11 15:28:00+00:00,2022-12-11 16:53:00+00:00,0.02,US/Pacific,KLAX,33.9382,-118.3865,Los Angeles,Los Angeles,CA,90045.0
W-5295542,Rain,Light,2022-12-11 17:24:00+00:00,2022-12-11 17:53:00+00:00,0.06,US/Pacific,KLAX,33.9382,-118.3865,Los Angeles,Los Angeles,CA,90045.0
W-5295543,Rain,Light,2022-12-12 10:53:00+00:00,2022-12-12 11:53:00+00:00,0.08,US/Pacific,KLAX,33.9382,-118.3865,Los Angeles,Los Angeles,CA,90045.0
W-5295544,Rain,Light,2022-12-12 12:20:00+00:00,2022-12-12 12:53:00+00:00,0.02,US/Pacific,KLAX,33.9382,-118.3865,Los Angeles,Los Angeles,CA,90045.0
W-5295545,Rain,Moderate,2022-12-12 12:53:00+00:00,2022-12-12 13:45:00+00:00,0.1,US/Pacific,KLAX,33.9382,-118.3865,Los Angeles,Los Angeles,CA,90045.0
W-5295546,Rain,Light,2022-12-12 13:45:00+00:00,2022-12-12 13:53:00+00:00,0.02,US/Pacific,KLAX,33.9382,-118.3865,Los Angeles,Los Angeles,CA,90045.0
W-5295547,Rain,Moderate,2022-12-12 14:53:00+00:00,2022-12-12 15:53:00+00:00,0.15,US/Pacific,KLAX,33.9382,-118.3865,Los Angeles,Los Angeles,CA,90045.0
W-5295548,Fog,Moderate,2022-12-23 19:53:00+00:00,2022-12-23 22:53:00+00:00,0.0,US/Pacific,KLAX,33.9382,-118.3865,Los Angeles,Los Angeles,CA,90045.0
W-5295549,Rain,Light,2022-12-27 21:53:00+00:00,2022-12-28 00:53:00+00:00,0.07,US/Pacific,KLAX,33.9382,-118.3865,Los Angeles,Los Angeles,CA,90045.0
W-5295550,Rain,Light,2022-12-28 01:14:00+00:00,2022-12-28 04:53:00+00:00,0.21,US/Pacific,KLAX,33.9382,-118.3865,Los Angeles,Los Angeles,CA,90045.0
W-5295551,Rain,Moderate,2022-12-28 04:53:00+00:00,2022-12-28 05:14:00+00:00,0.1,US/Pacific,KLAX,33.9382,-118.3865,Los Angeles,Los Angeles,CA,90045.0
W-5295552,Rain,Light,2022-12-28 05:14:00+00:00,2022-12-28 08:53:00+00:00,0.35,US/Pacific,KLAX,33.9382,-118.3865,Los Angeles,Los Angeles,CA,90045.0
W-5295553,Fog,Severe,2022-12-28 15:53:00+00:00,2022-12-28 17:49:00+00:00,0.0,US/Pacific,KLAX,33.9382,-118.3865,Los Angeles,Los Angeles,CA,90045.0
W-5295554,Fog,Moderate,2022-12-28 18:29:00+00:00,2022-12-28 18:53:00+00:00,0.0,US/Pacific,KLAX,33.9382,-118.3865,Los Angeles,Los Angeles,CA,90045.0
W-5295555,Rain,Light,2022-12-29 22:53:00+00:00,2022-12-30 00:53:00+00:00,0.0,US/Pacific,KLAX,33.9382,-118.3865,Los Angeles,Los Angeles,CA,90045.0
W-5295556,Rain,Light,2022-12-30 15:48:00+00:00,2022-12-30 16:02:00+00:00,0.0,US/Pacific,KLAX,33.9382,-118.3865,Los Angeles,Los Angeles,CA,90045.0
W-5295557,Fog,Severe,2022-12-30 16:02:00+00:00,2022-12-30 16:11:00+00:00,0.0,US/Pacific,KLAX,33.9382,-118.3865,Los Angeles,Los Angeles,CA,90045.0
W-5295558,Rain,Light,2022-12-31 04:32:00+00:00,2022-12-31 04:53:00+00:00,0.0,US/Pacific,KLAX,33.9382,-118.3865,Los Angeles,Los Angeles,CA,90045.0
W-5295559,Rain,Light,2022-12-31 05:30:00+00:00,2022-12-31 05:53:00+00:00,0.04,US/Pacific,KLAX,33.9382,-118.3865,Los Angeles,Los Angeles,CA,90045.0
W-5295560,Rain,Light,2022-12-31 06:53:00+00:00,2022-12-31 07:53:00+00:00,0.0,US/Pacific,KLAX,33.9382,-118.3865,Los Angeles,Los Angeles,CA,90045.0
W-5295561,Rain,Light,2022-12-31 08:53:00+00:00,2022-12-31 09:50:00+00:00,0.03,US/Pacific,KLAX,33.9382,-118.3865,Los Angeles,Los Angeles,CA,90045.0
W-5295562,Rain,Light,2022-12-31 11:50:00+00:00,2022-12-31 13:53:00+00:00,0.05,US/Pacific,KLAX,33.9382,-118.3865,Los Angeles,Los Angeles,CA,90045.0
W-5295563,Fog,Severe,2022-12-31 13:53:00+00:00,2022-12-31 15:12:00+00:00,0.0,US/Pacific,KLAX,33.9382,-118.3865,Los Angeles,Los Angeles,CA,90045.0
W-5295564,Rain,Light,2022-12-31 15:28:00+00:00,2022-12-31 15:53:00+00:00,0.02,US/Pacific,KLAX,33.9382,-118.3865,Los Angeles,Los Angeles,CA,90045.0
W-5295565,Fog,Severe,2022-12-31 15:53:00+00:00,2022-12-31 16:41:00+00:00,0.0,US/Pacific,KLAX,33.9382,-118.3865,Los Angeles,Los Angeles,CA,90045.0
W-5295566,Rain,Light,2022-12-31 16:41:00+00:00,2022-12-31 17:13:00+00:00,0.08,US/Pacific,KLAX,33.9382,-118.3865,Los Angeles,Los Angeles,CA,90045.0
W-5295567,Fog,Severe,2022-12-31 17:13:00+00:00,2022-12-31 17:32:00+00:00,0.0,US/Pacific,KLAX,33.9382,-118.3865,Los Angeles,Los Angeles,CA,90045.0
W-5295568,Rain,Light,2022-12-31 17:53:00+00:00,2022-12-31 18:15:00+00:00,0.03,US/Pacific,KLAX,33.9382,-118.3865,Los Angeles,Los Angeles,CA,90045.0
W-5295569,Rain,Light,2022-12-31 19:53:00+00:00,2022-12-31 20:32:00+00:00,0.0,US/Pacific,KLAX,33.9382,-118.3865,Los Angeles,Los Angeles,CA,90045.0
